DROP TABLE IF EXISTS "authors";
CREATE TABLE authors (id TINYINT PRIMARY KEY, first_name CHAR(15), last_name CHAR(15));
INSERT INTO "authors" VALUES(1,'Ejioeyey','Uhogueoy');
INSERT INTO "authors" VALUES(2,'Oduuaaoo','Eoaxaied');
INSERT INTO "authors" VALUES(3,'Oxojupij','Emavibip');
INSERT INTO "authors" VALUES(4,'Uxibapaz','Oiepaiov');
INSERT INTO "authors" VALUES(5,'Otucojei','Uhezijev');
INSERT INTO "authors" VALUES(6,'Olieojoj','Ofafigiz');
INSERT INTO "authors" VALUES(7,'Ibuuiser','Adelucof');
INSERT INTO "authors" VALUES(8,'Udicedav','Egupifuu');
INSERT INTO "authors" VALUES(9,'Ioezilar','Ogilekaa');
INSERT INTO "authors" VALUES(10,'Akiaubib','Uveoifex');
INSERT INTO "authors" VALUES(11,'Olejaioa','Ucayutuk');
INSERT INTO "authors" VALUES(12,'Iceeioal','Uooloeux');
INSERT INTO "authors" VALUES(13,'Olakotap','Ahumahey');
INSERT INTO "authors" VALUES(14,'Ecayoxev','Izoxoyiv');
INSERT INTO "authors" VALUES(15,'Obaditae','Ebajakev');
INSERT INTO "authors" VALUES(16,'Ieomigek','Ojiciyux');
INSERT INTO "authors" VALUES(17,'Upuyexia','Idocebih');
INSERT INTO "authors" VALUES(18,'Emoeodug','Ohatiuuc');
INSERT INTO "authors" VALUES(19,'Oiageioh','Adakioeb');
INSERT INTO "authors" VALUES(20,'Ihubuxim','Ivolaluk');
INSERT INTO "authors" VALUES(21,'Auioobod','Uyouafui');
INSERT INTO "authors" VALUES(22,'Ajecerog','Axaoucos');
INSERT INTO "authors" VALUES(23,'Idejuxol','Uvefobau');
INSERT INTO "authors" VALUES(24,'Eloiidai','Iiovueua');
INSERT INTO "authors" VALUES(25,'Idusupuk','Icecotea');
INSERT INTO "authors" VALUES(26,'Ufozoios','Ataaioer');
INSERT INTO "authors" VALUES(27,'Ecayicea','Egilimai');
INSERT INTO "authors" VALUES(28,'Uhoreoam','Ihucauij');
INSERT INTO "authors" VALUES(29,'Ehivetit','Iiekomua');
INSERT INTO "authors" VALUES(30,'Acemixee','Aooiopof');
INSERT INTO "authors" VALUES(31,'Eyumorud','Exohimuf');
INSERT INTO "authors" VALUES(32,'Itepameu','Emoouguu');
INSERT INTO "authors" VALUES(33,'Adiraaeg','Eeesizog');
INSERT INTO "authors" VALUES(34,'Ieiribic','Eouteeeo');
INSERT INTO "authors" VALUES(35,'Apoduxob','Ebideuug');
INSERT INTO "authors" VALUES(36,'Uhiuafil','Ihagukuh');
INSERT INTO "authors" VALUES(37,'Ulayapuk','Eveeipar');
INSERT INTO "authors" VALUES(38,'Otatoxuh','Ueililaa');
INSERT INTO "authors" VALUES(39,'Ibuzihey','Izutobef');
INSERT INTO "authors" VALUES(40,'Ioiaahoh','Ieifikub');
INSERT INTO "authors" VALUES(41,'Ooemuzus','Ecupokis');
INSERT INTO "authors" VALUES(42,'Otoooteg','Axoaosax');
INSERT INTO "authors" VALUES(43,'Eaasueiu','Ixigumia');
INSERT INTO "authors" VALUES(44,'Exivehab','Aeiooxor');
INSERT INTO "authors" VALUES(45,'Umiaaraj','Iiupetix');
INSERT INTO "authors" VALUES(46,'Ariuisuc','Agitobiy');
INSERT INTO "authors" VALUES(47,'Asuvaluy','Elahamaz');
INSERT INTO "authors" VALUES(48,'Uyoyoiuc','Opirixox');
INSERT INTO "authors" VALUES(49,'Okeziyak','Utoiezip');
INSERT INTO "authors" VALUES(50,'Ihiyuxis','Aaevodou');
INSERT INTO "authors" VALUES(51,'Ucokakod','Eierahel');
INSERT INTO "authors" VALUES(52,'Exojuoav','Ueoxubic');
INSERT INTO "authors" VALUES(53,'Ioivajax','Afafegoe');
INSERT INTO "authors" VALUES(54,'Ofueiueh','Olijedut');
INSERT INTO "authors" VALUES(55,'Ijudihub','Oxisisuc');
INSERT INTO "authors" VALUES(56,'Exozueic','Ofauoeel');
INSERT INTO "authors" VALUES(57,'Eeizisot','Emilezoy');
INSERT INTO "authors" VALUES(58,'Ofigekup','Areleyuu');
INSERT INTO "authors" VALUES(59,'Ufiialii','Uzikepee');
INSERT INTO "authors" VALUES(60,'Iialuiop','Oxeloyeo');
INSERT INTO "authors" VALUES(61,'Ihiuiyex','Axebelix');
INSERT INTO "authors" VALUES(62,'Amoluyuu','Aeifozom');
INSERT INTO "authors" VALUES(63,'Iroiuaea','Uyibofeo');
INSERT INTO "authors" VALUES(64,'Auarekef','Otuducic');
INSERT INTO "authors" VALUES(65,'Uzigoaor','Ebueudaa');
INSERT INTO "authors" VALUES(66,'Ekemajae','Okezoray');
INSERT INTO "authors" VALUES(67,'Ugeguvel','Iheeirag');
INSERT INTO "authors" VALUES(68,'Ifaaalax','Ejebicec');
INSERT INTO "authors" VALUES(69,'Urufilii','Atifokey');
INSERT INTO "authors" VALUES(70,'Eteiecez','Ujedimud');
INSERT INTO "authors" VALUES(71,'Uzigieam','Iveveeel');
INSERT INTO "authors" VALUES(72,'Apogeaez','Aoomuhux');
INSERT INTO "authors" VALUES(73,'Eoaxaved','Uyutapup');
INSERT INTO "authors" VALUES(74,'Araeocig','Uaamigau');
INSERT INTO "authors" VALUES(75,'Auupovak','Uoitajop');
INSERT INTO "authors" VALUES(76,'Isukerug','Iaayojoe');
INSERT INTO "authors" VALUES(77,'Ahauohit','Ecapijub');
INSERT INTO "authors" VALUES(78,'Ogaxotot','Oluyuuog');
INSERT INTO "authors" VALUES(79,'Oiipalul','Ucedebay');
INSERT INTO "authors" VALUES(80,'Aloaecel','Usozupid');
INSERT INTO "authors" VALUES(81,'Osozezic','Usiauped');
INSERT INTO "authors" VALUES(82,'Idejeiub','Auacufuf');
INSERT INTO "authors" VALUES(83,'Uzapopis','Isilouuk');
INSERT INTO "authors" VALUES(84,'Aguzuiuy','Otizikoa');
INSERT INTO "authors" VALUES(85,'Etukeoaf','Iaaaepoy');
INSERT INTO "authors" VALUES(86,'Ilotupue','Ebixivea');
INSERT INTO "authors" VALUES(87,'Uxabeyao','Uuoeuciy');
INSERT INTO "authors" VALUES(88,'Iriuuuei','Aioferas');
INSERT INTO "authors" VALUES(89,'Aeapecif','Ohipokev');
INSERT INTO "authors" VALUES(90,'Ozeracak','Iporatir');
INSERT INTO "authors" VALUES(91,'Oeibaoio','Ahepocuh');
INSERT INTO "authors" VALUES(92,'Alamadui','Euozuvuf');
INSERT INTO "authors" VALUES(93,'Eaosebex','Oxaiooif');
INSERT INTO "authors" VALUES(94,'Atuoomou','Ajefaiof');
INSERT INTO "authors" VALUES(95,'Eeecaaay','Isusohut');
INSERT INTO "authors" VALUES(96,'Etijiiur','Igacesuz');
INSERT INTO "authors" VALUES(97,'Ofefemur','Uketadeo');
INSERT INTO "authors" VALUES(98,'Ekiliduz','Ofaporuf');
INSERT INTO "authors" VALUES(99,'Itihufeg','Ijadooii');
INSERT INTO "authors" VALUES(100,'Uzejadah','Ezaoekae');
INSERT INTO "authors" VALUES(101,'Uceiuces','Idumomiv');
INSERT INTO "authors" VALUES(102,'Upojuxeh','Edolifuu');
INSERT INTO "authors" VALUES(103,'Omobieub','Egufidii');
INSERT INTO "authors" VALUES(104,'Ouixesuu','Ejifixaj');
INSERT INTO "authors" VALUES(105,'Uiuaapui','Akerusog');
INSERT INTO "authors" VALUES(106,'Apodigiv','Ouilihiz');
INSERT INTO "authors" VALUES(107,'Elimohos','Usecojao');
INSERT INTO "authors" VALUES(108,'Ovoviius','Oaooixix');
INSERT INTO "authors" VALUES(109,'Iuotalix','Eieaupar');
INSERT INTO "authors" VALUES(110,'Iauuiuaf','Afujafos');
INSERT INTO "authors" VALUES(111,'Izasajev','Oyoieyuo');
INSERT INTO "authors" VALUES(112,'Ijafamiv','Eyopifim');
INSERT INTO "authors" VALUES(113,'Itakuoej','Oroaeuaf');
INSERT INTO "authors" VALUES(114,'Izioedoy','Abeeijua');
INSERT INTO "authors" VALUES(115,'Uootooak','Eraoujuh');
INSERT INTO "authors" VALUES(116,'Iautupag','Iuaeekuz');
INSERT INTO "authors" VALUES(117,'Avosuiuu','Ojiuosuc');
INSERT INTO "authors" VALUES(118,'Acivupim','Uuufeeax');
INSERT INTO "authors" VALUES(119,'Oiomeiiv','Acedokul');
INSERT INTO "authors" VALUES(120,'Aiehozol','Adicoxih');
DROP TABLE IF EXISTS "books";
CREATE TABLE books (id INT PRIMARY KEY, isbn INT, author_id INT, publisher_id TINYINT, title CHAR(60), cover_url CHAR(60), description TEXT);
INSERT INTO "books" VALUES(1,31250388,23,10,'Ikofurioico Oyabizak','http://placehold.it/248x340/d0d5da/336699&text=1','Lorem ipsum dolor sit amet, consectetur adipiscing elit. Cyrenaici quidem non recusant; Quae cum essent dicta, discessimus. At coluit ipse amicitias. De illis, cum volemus. Si longus, levis dictata sunt. Duo Reges: constructio interrete. Nulla erit controversia. Eadem nunc mea adversum te oratio est. 

Sed ad illum redeo. Itaque hic ipse iam pridem est reiectus; Praeclare hoc quidem. Nihil sane. Quis non odit sordidos, vanos, leves, futtiles? Praeclare hoc quidem. 

Huius ego nunc auctoritatem sequens idem faciam. Qualem igitur hominem natura inchoavit? Compensabatur, inquit, cum summis doloribus laetitia. Memini vero, inquam; 

Cur deinde Metrodori liberos commendas? Ratio quidem vestra sic cogit. Ut id aliis narrare gestiant? 

Nihil illinc huc pervenit. Tubulo putas dicere? Restatis igitur vos; Perge porro; Paria sunt igitur. Quare conare, quaeso. 

Beatum, inquit. Ita nemo beato beatior. Honesta oratio, Socratica, Platonis etiam. Cur post Tarentum ad Archytam? Frater et T. 

Ita prorsus, inquam; Cur post Tarentum ad Archytam? Haec dicuntur inconstantissime. Maximus dolor, inquit, brevis est. 

Si quicquam extra virtutem habeatur in bonis. Invidiosum nomen est, infame, suspectum. Polycratem Samium felicem appellabant. Ut pulsi recurrant? Etiam beatissimum? Sed quot homines, tot sententiae; 

Apparet statim, quae sint officia, quae actiones. Hunc vos beatum; Nihilo magis. Omnia peccata paria dicitis. Quo tandem modo? 

Quis negat? Sed hoc sane concedamus. Estne, quaeso, inquam, sitienti in bibendo voluptas? An hoc usque quaque, aliter in vita? Si id dicis, vicimus. Quod ea non occurrentia fingunt, vincunt Aristonem; 

');
INSERT INTO "books" VALUES(2,54559265,73,11,'Adeeoieva Ehuaeoajix Eyopixus','http://placehold.it/248x340/d0d5da/336699&text=2','Lorem ipsum dolor sit amet, consectetur adipiscing elit. Bonum liberi: misera orbitas. Hic ambiguo ludimur. Si longus, levis dictata sunt. Paria sunt igitur. Duo Reges: constructio interrete. Utilitatis causa amicitia est quaesita. Videsne, ut haec concinant? 

Certe non potest. Ille incendat? Tubulo putas dicere? Vide, quaeso, rectumne sit. Quis non odit sordidos, vanos, leves, futtiles? Traditur, inquit, ab Epicuro ratio neglegendi doloris. 

Sit sane ista voluptas. Quis enim redargueret? Haec igitur Epicuri non probo, inquam. Ita credo. 

Tamen a proposito, inquam, aberramus. Quo tandem modo? Facillimum id quidem est, inquam. Minime vero istorum quidem, inquit. Sint modo partes vitae beatae. Traditur, inquit, ab Epicuro ratio neglegendi doloris. 

Itaque fecimus. Laboro autem non sine causa; At iam decimum annum in spelunca iacet. Quibus ego vehementer assentior. 

Quid vero? Praeclarae mortes sunt imperatoriae; Summae mihi videtur inscitiae. Ut aliquid scire se gaudeant? Facete M. 

Ratio quidem vestra sic cogit. De vacuitate doloris eadem sententia erit. Hos contra singulos dici est melius. Quare attende, quaeso. At coluit ipse amicitias. 

Haec dicuntur inconstantissime. Sed nunc, quod agimus; 

A mene tu? Sed nimis multa. Si longus, levis. Hunc vos beatum; Nihil opus est exemplis hoc facere longius. 

Iam contemni non poteris. Quare attende, quaeso. Primum in nostrane potestate est, quid meminerimus? Age sane, inquam. Egone quaeris, inquit, quid sentiam? Recte, inquit, intellegis. Cur deinde Metrodori liberos commendas? 

');
INSERT INTO "books" VALUES(3,68542232,12,17,'Ucuduuetoo','http://placehold.it/248x340/d0d5da/336699&text=3','Lorem ipsum dolor sit amet, consectetur adipiscing elit. Gloriosa ostentatio in constituendo summo bono. Maximus dolor, inquit, brevis est. Facete M. Bestiarum vero nullum iudicium puto. 

Numquam facies. Recte, inquit, intellegis. Sed fortuna fortis; Frater et T. 

An nisi populari fama? Memini vero, inquam; Nam quid possumus facere melius? Dici enim nihil potest verius. Itaque his sapiens semper vacabit. Nunc vides, quid faciat. 

Quis istud possit, inquit, negare? Sed fortuna fortis; Mihi, inquam, qui te id ipsum rogavi? Istic sum, inquit. Idemne, quod iucunde? Idemne, quod iucunde? At eum nihili facit; 

In schola desinis. Bonum liberi: misera orbitas. Age, inquies, ista parva sunt. 

Haeret in salebra. Inde igitur, inquit, ordiendum est. Verum hoc idem saepe faciamus. Itaque contra est, ac dicitis; 

Sed nunc, quod agimus; Primum Theophrasti, Strato, physicum se voluit; An tu me de L. Si longus, levis dictata sunt. Qualem igitur hominem natura inchoavit? Quare conare, quaeso. 

Itaque his sapiens semper vacabit. Duo Reges: constructio interrete. At coluit ipse amicitias. Quid vero? 

Sed videbimus. Explanetur igitur. Restatis igitur vos; Sed fortuna fortis; Putabam equidem satis, inquit, me dixisse. Falli igitur possumus. 

Stoici scilicet. Restatis igitur vos; Bonum integritas corporis: misera debilitas. Quod iam a me expectare noli. Sed quot homines, tot sententiae; De quibus cupio scire quid sentias. 

');
INSERT INTO "books" VALUES(4,14039155,89,1,'Eaekoiuboi','http://placehold.it/248x340/d0d5da/336699&text=4','Lorem ipsum dolor sit amet, consectetur adipiscing elit. Rationis enim perfectio est virtus; Ut id aliis narrare gestiant? Hoc tu nunc in illo probas. Maximus dolor, inquit, brevis est. Refert tamen, quo modo. 

Proclivi currit oratio. Praeteritis, inquit, gaudeo. Proclivi currit oratio. Inde igitur, inquit, ordiendum est. Non laboro, inquit, de nomine. Honesta oratio, Socratica, Platonis etiam. Suo genere perveniant ad extremum; Quid nunc honeste dicit? 

Sed ad bona praeterita redeamus. Utram tandem linguam nescio? Quonam modo? Suo enim quisque studio maxime ducitur. 

Minime vero, inquit ille, consentit. Quae ista amicitia est? Vide, quaeso, rectumne sit. Murenam te accusante defenderem. 

Quo modo? Itaque contra est, ac dicitis; Non autem hoc: igitur ne illud quidem. Satis est ad hoc responsum. At hoc in eo M. Aliter enim nosmet ipsos nosse non possumus. Addidisti ad extremum etiam indoctum fuisse. 

Quibus ego vehementer assentior. Sed quot homines, tot sententiae; Facete M. Sed quid sentiat, non videtis. 

An eiusdem modi? Praeclare hoc quidem. 

Satis est ad hoc responsum. Haec dicuntur inconstantissime. Duo Reges: constructio interrete. Sed nimis multa. 

Nam quid possumus facere melius? Ac tamen hic mallet non dolere. Quid ad utilitatem tantae pecuniae? Nulla erit controversia. 

Quonam modo? Quid de Pythagora? Nulla erit controversia. Iam contemni non poteris. 

');
INSERT INTO "books" VALUES(5,34165410,88,18,'Aeuaooetojur Oraeaceoau Ivuuegozoxoh','http://placehold.it/248x340/d0d5da/336699&text=5','Lorem ipsum dolor sit amet, consectetur adipiscing elit. Poterat autem inpune; Duo Reges: constructio interrete. Ego vero isti, inquam, permitto. Ille incendat? Ostendit pedes et pectus. Simus igitur contenti his. Certe, nisi voluptatem tanti aestimaretis. 

Scrupulum, inquam, abeunti; An eiusdem modi? Age, inquies, ista parva sunt. Non igitur bene. Confecta res esset. Sin aliud quid voles, postea. Respondeat totidem verbis. Aliter homines, aliter philosophos loqui putas oportere? 

Polycratem Samium felicem appellabant. Pugnant Stoici cum Peripateticis. Minime vero istorum quidem, inquit. Quod vestri non item. Si quicquam extra virtutem habeatur in bonis. Ut aliquid scire se gaudeant? Age, inquies, ista parva sunt. Et ille ridens: Video, inquit, quid agas; 

Quorum altera prosunt, nocent altera. At certe gravius. 

Haeret in salebra. Restatis igitur vos; Negare non possum. Non est igitur voluptas bonum. 

Quid Zeno? Verum hoc idem saepe faciamus. Primum quid tu dicis breve? Si quicquam extra virtutem habeatur in bonis. 

A mene tu? Ostendit pedes et pectus. 

Invidiosum nomen est, infame, suspectum. Cave putes quicquam esse verius. 

Dat enim intervalla et relaxat. Occultum facinus esse potuerit, gaudebit; Quo modo autem philosophus loquitur? Nulla erit controversia. Nihil ad rem! Ne sit sane; 

Nihilo magis. Nos commodius agimus. Huius ego nunc auctoritatem sequens idem faciam. Satis est ad hoc responsum. 

');
INSERT INTO "books" VALUES(6,84572562,66,5,'Efagefevaka Iieuuyeju','http://placehold.it/248x340/d0d5da/336699&text=6','Lorem ipsum dolor sit amet, consectetur adipiscing elit. Quid enim est a Chrysippo praetermissum in Stoicis? Haeret in salebra. Illi enim inter se dissentiunt. Beatum, inquit. Duo Reges: constructio interrete. 

Respondeat totidem verbis. Quae contraria sunt his, malane? Sint modo partes vitae beatae. Quare attende, quaeso. 

At, si voluptas esset bonum, desideraret. Itaque hic ipse iam pridem est reiectus; Age sane, inquam. Quod totum contra est. Quare conare, quaeso. 

Nihil ad rem! Ne sit sane; Quid de Pythagora? Sed ille, ut dixi, vitiose. Eadem nunc mea adversum te oratio est. Quo tandem modo? Restatis igitur vos; 

Nam ista vestra: Si gravis, brevis; Iam id ipsum absurdum, maximum malum neglegi. Primum quid tu dicis breve? Nos commodius agimus. Quod quidem iam fit etiam in Academia. Que Manilium, ab iisque M. 

Haeret in salebra. Nunc vides, quid faciat. Cur id non ita fit? Graece donan, Latine voluptatem vocant. Iam in altera philosophiae parte. Tria genera bonorum; Hic nihil fuit, quod quaereremus. Age sane, inquam. 

Nihil sane. Si id dicis, vicimus. Si longus, levis; Illud non continuo, ut aeque incontentae. 

Quae contraria sunt his, malane? Paria sunt igitur. Graece donan, Latine voluptatem vocant. Sint ista Graecorum; Audeo dicere, inquit. Fortemne possumus dicere eundem illum Torquatum? 

Scrupulum, inquam, abeunti; Quis istud, quaeso, nesciebat? Aliter enim explicari, quod quaeritur, non potest. Quae contraria sunt his, malane? 

Quae cum essent dicta, discessimus. Primum Theophrasti, Strato, physicum se voluit; Nos cum te, M. Quid ergo hoc loco intellegit honestum? 

');
INSERT INTO "books" VALUES(7,13217753,84,19,'Ihomexaeaceo Igivugiie','http://placehold.it/248x340/d0d5da/336699&text=7','Lorem ipsum dolor sit amet, consectetur adipiscing elit. Quae ista amicitia est? Ego vero isti, inquam, permitto. Equidem e Cn. 

Nonne igitur tibi videntur, inquit, mala? Immo videri fortasse. At enim hic etiam dolore. Ille enim occurrentia nescio quae comminiscebatur; Quod vestri non item. 

Frater et T. Restatis igitur vos; Idem iste, inquam, de voluptate quid sentit? Iam in altera philosophiae parte. Erat enim res aperta. Et nemo nimium beatus est; 

Praeclare hoc quidem. Praeclarae mortes sunt imperatoriae; Tria genera bonorum; Id enim natura desiderat. Quaerimus enim finem bonorum. Itaque his sapiens semper vacabit. 

Cur deinde Metrodori liberos commendas? Nihil enim hoc differt. Neutrum vero, inquit ille. Odium autem et invidiam facile vitabis. Quo modo autem philosophus loquitur? Praeclarae mortes sunt imperatoriae; 

Eam stabilem appellas. Quonam, inquit, modo? Inquit, dasne adolescenti veniam? Duo Reges: constructio interrete. At coluit ipse amicitias. 

Laboro autem non sine causa; Haec dicuntur inconstantissime. Qui est in parvis malis. 

Tamen a proposito, inquam, aberramus. Dat enim intervalla et relaxat. Hoc simile tandem est? Idem iste, inquam, de voluptate quid sentit? Beatum, inquit. 

Sed haec omittamus; Sequitur disserendi ratio cognitioque naturae; Haeret in salebra. Optime, inquam. 

Nos commodius agimus. Eadem fortitudinis ratio reperietur. Quo modo autem philosophus loquitur? 

');
INSERT INTO "books" VALUES(8,75807950,120,19,'Elogufucado Ofuaeoiduta','http://placehold.it/248x340/d0d5da/336699&text=8','Lorem ipsum dolor sit amet, consectetur adipiscing elit. Quis negat? Non igitur bene. Quonam, inquit, modo? Duo Reges: constructio interrete. Eaedem res maneant alio modo. Quare conare, quaeso. Istam voluptatem, inquit, Epicurus ignorat? Immo videri fortasse. 

Cave putes quicquam esse verius. Cur id non ita fit? An tu me de L. Tum mihi Piso: Quid ergo? Nihil illinc huc pervenit. 

Istam voluptatem, inquit, Epicurus ignorat? Respondeat totidem verbis. 

Si quae forte-possumus. Quonam, inquit, modo? Tollenda est atque extrahenda radicitus. Quamquam te quidem video minime esse deterritum. 

At enim sequor utilitatem. Negare non possum. Nunc agendum est subtilius. Quis istum dolorem timet? 

Utram tandem linguam nescio? Nos cum te, M. Eam tum adesse, cum dolor omnis absit; Quod equidem non reprehendo; Illa tamen simplicia, vestra versuta. Poterat autem inpune; 

Sullae consulatum? Quid ait Aristoteles reliquique Platonis alumni? Sed ille, ut dixi, vitiose. Praeclare hoc quidem. Facete M. Hic ambiguo ludimur. Sed plane dicit quod intellegit. Hoc mihi cum tuo fratre convenit. 

Sed haec omittamus; Non est igitur voluptas bonum. Illa tamen simplicia, vestra versuta. Quid me istud rogas? Ecce aliud simile dissimile. Itaque fecimus. Quid de Pythagora? Eademne, quae restincta siti? 

Erit enim mecum, si tecum erit. Sed fortuna fortis; Prave, nequiter, turpiter cenabat; Ratio quidem vestra sic cogit. 

Et nemo nimium beatus est; Haec dicuntur inconstantissime. 

');
INSERT INTO "books" VALUES(9,36871861,40,7,'Ifapeoao','http://placehold.it/248x340/d0d5da/336699&text=9','Lorem ipsum dolor sit amet, consectetur adipiscing elit. Quae sequuntur igitur? Torquatus, is qui consul cum Cn. Tum mihi Piso: Quid ergo? Duo Reges: constructio interrete. 

Quae contraria sunt his, malane? Sed ille, ut dixi, vitiose. Tollenda est atque extrahenda radicitus. Quantum Aristoxeni ingenium consumptum videmus in musicis? Poterat autem inpune; 

Inquit, dasne adolescenti veniam? Quo modo autem philosophus loquitur? Quippe: habes enim a rhetoribus; 

Collige omnia, quae soletis: Praesidium amicorum. Eaedem res maneant alio modo. Iam in altera philosophiae parte. Velut ego nunc moveor. Non igitur bene. 

Contineo me ab exemplis. Nos cum te, M. Conferam avum tuum Drusum cum C. Quae cum essent dicta, discessimus. 

Iam enim adesse poterit. Nihil sane. Numquam facies. At certe gravius. 

Ratio quidem vestra sic cogit. Utram tandem linguam nescio? Deinde dolorem quem maximum? Sed ad rem redeamus; Quare attende, quaeso. Quo tandem modo? Bonum integritas corporis: misera debilitas. Recte dicis; 

Quae diligentissime contra Aristonem dicuntur a Chryippo. Erat enim Polemonis. Non potes, nisi retexueris illa. Nulla erit controversia. Quis istud possit, inquit, negare? Illa tamen simplicia, vestra versuta. Venit ad extremum; 

Quod totum contra est. Hoc sic expositum dissimile est superiori. Iam in altera philosophiae parte. Sed residamus, inquit, si placet. Ego vero isti, inquam, permitto. Itaque his sapiens semper vacabit. Negare non possum. 

Sint ista Graecorum; Quod quidem nobis non saepe contingit. 

');
INSERT INTO "books" VALUES(10,98722256,60,5,'Oyiduxoj Azojevuaoj','http://placehold.it/248x340/d0d5da/336699&text=10','Lorem ipsum dolor sit amet, consectetur adipiscing elit. Bestiarum vero nullum iudicium puto. Iam id ipsum absurdum, maximum malum neglegi. Quaerimus enim finem bonorum. Duo Reges: constructio interrete. 

Quod vestri non item. Quis Aristidem non mortuum diligit? Cur iustitia laudatur? Primum quid tu dicis breve? Quis istum dolorem timet? Videsne quam sit magna dissensio? Respondeat totidem verbis. Sed nimis multa. 

Reguli reiciendam; Hic nihil fuit, quod quaereremus. Certe, nisi voluptatem tanti aestimaretis. Sed fortuna fortis; 

Egone quaeris, inquit, quid sentiam? Contemnit enim disserendi elegantiam, confuse loquitur. Utilitatis causa amicitia est quaesita. 

Cur id non ita fit? Hic ambiguo ludimur. Cur haec eadem Democritus? Quid enim possumus hoc agere divinius? Sed fortuna fortis; Praeteritis, inquit, gaudeo. 

Sed nimis multa. Nos commodius agimus. Poterat autem inpune; Sed ille, ut dixi, vitiose. Is es profecto tu. Bonum integritas corporis: misera debilitas. 

Laboro autem non sine causa; Age sane, inquam. Cur post Tarentum ad Archytam? Quonam, inquit, modo? Egone quaeris, inquit, quid sentiam? Stoicos roga. At coluit ipse amicitias. 

Quae contraria sunt his, malane? Mihi enim satis est, ipsis non satis. Quippe: habes enim a rhetoribus; Aliter homines, aliter philosophos loqui putas oportere? 

Ratio quidem vestra sic cogit. Non est igitur voluptas bonum. Negare non possum. Restinguet citius, si ardentem acceperit. Confecta res esset. 

Sint ista Graecorum; Nulla erit controversia. Haeret in salebra. Frater et T. Aperiendum est igitur, quid sit voluptas; 

');
INSERT INTO "books" VALUES(11,53679122,62,1,'Ifoaaaufe Oaotadukur Uyaiajuhif','http://placehold.it/248x340/d0d5da/336699&text=11','Lorem ipsum dolor sit amet, consectetur adipiscing elit. Primum divisit ineleganter; Murenam te accusante defenderem. Non est igitur summum malum dolor. Id Sextilius factum negabat. Quae cum essent dicta, discessimus. Duo Reges: constructio interrete. 

Cyrenaici quidem non recusant; Est, ut dicis, inquam. An nisi populari fama? Ea possunt paria non esse. 

Si quidem, inquit, tollerem, sed relinquo. Si quae forte-possumus. Equidem e Cn. Sed tamen intellego quid velit. Faceres tu quidem, Torquate, haec omnia; Quis hoc dicit? 

Nam de isto magna dissensio est. Non potes, nisi retexueris illa. Erat enim res aperta. Istam voluptatem, inquit, Epicurus ignorat? 

Scrupulum, inquam, abeunti; Tenent mordicus. Sed quot homines, tot sententiae; Proclivi currit oratio. Sed nimis multa. Sic consequentibus vestris sublatis prima tolluntur. 

Obsecro, inquit, Torquate, haec dicit Epicurus? Quid iudicant sensus? Cur id non ita fit? Nulla erit controversia. 

Quippe: habes enim a rhetoribus; Praeteritis, inquit, gaudeo. Qui est in parvis malis. Age sane, inquam. Nos cum te, M. Restatis igitur vos; 

Haec igitur Epicuri non probo, inquam. Primum Theophrasti, Strato, physicum se voluit; Prioris generis est docilitas, memoria; Ut id aliis narrare gestiant? Egone quaeris, inquit, quid sentiam? Et quod est munus, quod opus sapientiae? 

Hoc simile tandem est? De illis, cum volemus. Facillimum id quidem est, inquam. Sumenda potius quam expetenda. 

Venit ad extremum; Sed ad bona praeterita redeamus. Minime vero istorum quidem, inquit. Quis Aristidem non mortuum diligit? Equidem e Cn. 

');
INSERT INTO "books" VALUES(12,14431085,112,13,'Ucukukadiga Imujiiataf Ivehicepibio','http://placehold.it/248x340/d0d5da/336699&text=12','Lorem ipsum dolor sit amet, consectetur adipiscing elit. Moriatur, inquit. At enim sequor utilitatem. Est, ut dicis, inquam. 

Praeteritis, inquit, gaudeo. Sequitur disserendi ratio cognitioque naturae; Reguli reiciendam; Quonam, inquit, modo? 

Eam stabilem appellas. Nobis aliter videtur, recte secusne, postea; Sin aliud quid voles, postea. Peccata paria. Sed nunc, quod agimus; Confecta res esset. 

Nunc vides, quid faciat. Nam quid possumus facere melius? Primum quid tu dicis breve? Ne discipulum abducam, times. 

Avaritiamne minuis? Iam in altera philosophiae parte. Ne discipulum abducam, times. Sed fortuna fortis; Qua tu etiam inprudens utebare non numquam. Quis enim redargueret? 

Quae duo sunt, unum facit. Restinguet citius, si ardentem acceperit. Ergo, inquit, tibi Q. Dici enim nihil potest verius. 

Quis istud possit, inquit, negare? Age sane, inquam. Immo alio genere; Quid est enim aliud esse versutum? Quae cum dixisset paulumque institisset, Quid est? 

Poterat autem inpune; Duo Reges: constructio interrete. Cave putes quicquam esse verius. Idem iste, inquam, de voluptate quid sentit? Quod cum dixissent, ille contra. Sed plane dicit quod intellegit. 

Que Manilium, ab iisque M. Qui est in parvis malis. 

Pugnant Stoici cum Peripateticis. Falli igitur possumus. Primum divisit ineleganter; Quid nunc honeste dicit? Facillimum id quidem est, inquam. Sit enim idem caecus, debilis. Si quidem, inquit, tollerem, sed relinquo. 

');
INSERT INTO "books" VALUES(13,86842750,107,15,'Isayagoseg Ahugudav','http://placehold.it/248x340/d0d5da/336699&text=13','Lorem ipsum dolor sit amet, consectetur adipiscing elit. Hunc vos beatum; Si quae forte-possumus. 

Occultum facinus esse potuerit, gaudebit; Et nemo nimium beatus est; A mene tu? Nihil illinc huc pervenit. Facete M. Sed fortuna fortis; Inquit, dasne adolescenti veniam? 

Quid ergo? Zenonis est, inquam, hoc Stoici. Sed residamus, inquit, si placet. Confecta res esset. Equidem e Cn. 

Quae similitudo in genere etiam humano apparet. Nobis aliter videtur, recte secusne, postea; Quae sequuntur igitur? Quid adiuvas? Quare conare, quaeso. Ut aliquid scire se gaudeant? Sedulo, inquam, faciam. 

Quod cum dixissent, ille contra. Sit enim idem caecus, debilis. Sed haec omittamus; 

Minime vero, inquit ille, consentit. An tu me de L. Poterat autem inpune; Primum quid tu dicis breve? 

At hoc in eo M. Quid iudicant sensus? Prodest, inquit, mihi eo esse animo. Quod totum contra est. Sed plane dicit quod intellegit. Respondeat totidem verbis. Hoc Hieronymus summum bonum esse dixit. 

Ita credo. Tecum optime, deinde etiam cum mediocri amico. Ita nemo beato beatior. Iam enim adesse poterit. Maximus dolor, inquit, brevis est. Quis hoc dicit? Easdemne res? 

Optime, inquam. Sed videbimus. 

Proclivi currit oratio. Duo Reges: constructio interrete. Bestiarum vero nullum iudicium puto. Quid dubitas igitur mutare principia naturae? Aliter homines, aliter philosophos loqui putas oportere? Haeret in salebra. 

');
INSERT INTO "books" VALUES(14,77996729,62,6,'Ouiiumaaak Exexaaec','http://placehold.it/248x340/d0d5da/336699&text=14','Lorem ipsum dolor sit amet, consectetur adipiscing elit. Nos vero, inquit ille; Hunc vos beatum; Peccata paria. Duo Reges: constructio interrete. Sint modo partes vitae beatae. Eaedem enim utilitates poterunt eas labefactare atque pervertere. 

Hic ambiguo ludimur. Restatis igitur vos; Mihi, inquam, qui te id ipsum rogavi? Primum divisit ineleganter; Restatis igitur vos; 

Cur haec eadem Democritus? Efficiens dici potest. ALIO MODO. Quae contraria sunt his, malane? 

Egone quaeris, inquit, quid sentiam? Nam quid possumus facere melius? Quae cum dixisset paulumque institisset, Quid est? Frater et T. Bonum liberi: misera orbitas. Sed hoc sane concedamus. 

Is es profecto tu. Si longus, levis. Quonam modo? 

Compensabatur, inquit, cum summis doloribus laetitia. Ecce aliud simile dissimile. Quibus ego vehementer assentior. Num quid tale Democritus? Nihil enim hoc differt. In schola desinis. Invidiosum nomen est, infame, suspectum. 

Occultum facinus esse potuerit, gaudebit; Poterat autem inpune; Quonam, inquit, modo? Deprehensus omnem poenam contemnet. 

Memini vero, inquam; Praeclarae mortes sunt imperatoriae; Sequitur disserendi ratio cognitioque naturae; Inde igitur, inquit, ordiendum est. Recte dicis; 

Erit enim mecum, si tecum erit. Nescio quo modo praetervolavit oratio. An tu me de L. 

Quorum sine causa fieri nihil putandum est. Quo tandem modo? Quare attende, quaeso. At coluit ipse amicitias. Si longus, levis; Praeteritis, inquit, gaudeo. Quod equidem non reprehendo; Idem adhuc; Nihil illinc huc pervenit. 

');
INSERT INTO "books" VALUES(15,70975665,42,1,'Ivazutuzuuag','http://placehold.it/248x340/d0d5da/336699&text=15','Lorem ipsum dolor sit amet, consectetur adipiscing elit. Zenonis est, inquam, hoc Stoici. Bestiarum vero nullum iudicium puto. Duo Reges: constructio interrete. Quid vero? 

Quod vestri non item. Nescio quo modo praetervolavit oratio. Sed residamus, inquit, si placet. Idem adhuc; 

Primum divisit ineleganter; Poterat autem inpune; Qui est in parvis malis. Sit enim idem caecus, debilis. Immo videri fortasse. Nulla erit controversia. An eiusdem modi? Mihi, inquam, qui te id ipsum rogavi? 

Urgent tamen et nihil remittunt. Ita prorsus, inquam; Non potes, nisi retexueris illa. Aufert enim sensus actionemque tollit omnem. Aliter enim explicari, quod quaeritur, non potest. Ea possunt paria non esse. 

Summum a vobis bonum voluptas dicitur. Quam ob rem tandem, inquit, non satisfacit? Cur haec eadem Democritus? Scrupulum, inquam, abeunti; 

Hunc vos beatum; Quod vestri non item. Primum divisit ineleganter; Sed ea mala virtuti magnitudine obruebantur. Si longus, levis dictata sunt. 

Bonum patria: miserum exilium. Huius, Lyco, oratione locuples, rebus ipsis ielunior. At enim hic etiam dolore. Praeclare hoc quidem. Ut optime, secundum naturam affectum esse possit. 

In schola desinis. Peccata paria. Ad eos igitur converte te, quaeso. Negat esse eam, inquit, propter se expetendam. 

Sed quot homines, tot sententiae; Nemo igitur esse beatus potest. Graece donan, Latine voluptatem vocant. 

Quid sequatur, quid repugnet, vident. At coluit ipse amicitias. Sed nunc, quod agimus; Negare non possum. Cur iustitia laudatur? Prodest, inquit, mihi eo esse animo. Eadem fortitudinis ratio reperietur. 

');
INSERT INTO "books" VALUES(16,66278550,22,12,'Etekecijed Iiioezaeeji','http://placehold.it/248x340/d0d5da/336699&text=16','Lorem ipsum dolor sit amet, consectetur adipiscing elit. Tum Torquatus: Prorsus, inquit, assentior; Restinguet citius, si ardentem acceperit. Recte, inquit, intellegis. Ut pulsi recurrant? 

Nemo igitur esse beatus potest. Comprehensum, quod cognitum non habet? Hoc simile tandem est? Et quod est munus, quod opus sapientiae? Non potes, nisi retexueris illa. 

Reguli reiciendam; Duo Reges: constructio interrete. Laboro autem non sine causa; Moriatur, inquit. Proclivi currit oratio. Tenent mordicus. 

Tria genera bonorum; Tum Triarius: Posthac quidem, inquit, audacius. Hoc loco tenere se Triarius non potuit. Quid sequatur, quid repugnet, vident. 

Itaque his sapiens semper vacabit. Quis enim redargueret? 

Philosophi autem in suis lectulis plerumque moriuntur. Minime vero istorum quidem, inquit. Itaque contra est, ac dicitis; Quibus ego vehementer assentior. Immo alio genere; Igitur ne dolorem quidem. Respondent extrema primis, media utrisque, omnia omnibus. 

Quo tandem modo? Istam voluptatem perpetuam quis potest praestare sapienti? Hunc vos beatum; Avaritiamne minuis? 

Que Manilium, ab iisque M. Quid adiuvas? Tubulo putas dicere? Tu quidem reddes; Nescio quo modo praetervolavit oratio. Falli igitur possumus. Est, ut dicis, inquam. 

Hoc est non dividere, sed frangere. Prave, nequiter, turpiter cenabat; Quonam, inquit, modo? Idemne, quod iucunde? 

Tu quidem reddes; Obsecro, inquit, Torquate, haec dicit Epicurus? Easdemne res? Bonum integritas corporis: misera debilitas. 

');
INSERT INTO "books" VALUES(17,88690228,30,14,'Ojueaculeta Ebosaaila','http://placehold.it/248x340/d0d5da/336699&text=17','Lorem ipsum dolor sit amet, consectetur adipiscing elit. At certe gravius. Summum a vobis bonum voluptas dicitur. Quonam, inquit, modo? Eam stabilem appellas. 

Bonum incolumis acies: misera caecitas. Nunc agendum est subtilius. Videsne quam sit magna dissensio? Refert tamen, quo modo. Primum divisit ineleganter; Hic ambiguo ludimur. Sint modo partes vitae beatae. Quis Aristidem non mortuum diligit? 

Sed ego in hoc resisto; Et nemo nimium beatus est; Quorum altera prosunt, nocent altera. Iam contemni non poteris. Nam de isto magna dissensio est. Rationis enim perfectio est virtus; 

Nulla erit controversia. Aliter enim explicari, quod quaeritur, non potest. Quod equidem non reprehendo; Non est igitur summum malum dolor. Quibusnam praeteritis? 

Cur iustitia laudatur? Negare non possum. Idemne, quod iucunde? Quis non odit sordidos, vanos, leves, futtiles? 

Collatio igitur ista te nihil iuvat. Sint ista Graecorum; Ita prorsus, inquam; Efficiens dici potest. Easdemne res? 

Sed fortuna fortis; A mene tu? Non semper, inquam; Cur haec eadem Democritus? Peccata paria. Ne discipulum abducam, times. 

Bonum liberi: misera orbitas. An tu me de L. Reguli reiciendam; Bonum valitudo: miser morbus. Tenent mordicus. 

Haec dicuntur fortasse ieiunius; Sic enim censent, oportunitatis esse beate vivere. Sed fac ista esse non inportuna; An nisi populari fama? Quae sequuntur igitur? Quodsi ipsam honestatem undique pertectam atque absolutam. At ille pellit, qui permulcet sensum voluptate. Sit sane ista voluptas. 

Iam in altera philosophiae parte. Utilitatis causa amicitia est quaesita. Falli igitur possumus. Quonam modo? Duo Reges: constructio interrete. Ac tamen hic mallet non dolere. 

');
INSERT INTO "books" VALUES(18,32397536,79,11,'Ueosomooih Iueiisukos Aloperaao','http://placehold.it/248x340/d0d5da/336699&text=18','Lorem ipsum dolor sit amet, consectetur adipiscing elit. Istic sum, inquit. Quis negat? In schola desinis. Ut id aliis narrare gestiant? An nisi populari fama? 

Quis hoc dicit? Certe non potest. 

Eademne, quae restincta siti? Hoc est non dividere, sed frangere. At hoc in eo M. Contineo me ab exemplis. 

Sed ad bona praeterita redeamus. Si quidem, inquit, tollerem, sed relinquo. Quonam, inquit, modo? Sed nimis multa. Putabam equidem satis, inquit, me dixisse. 

Atqui reperies, inquit, in hoc quidem pertinacem; At multis se probavit. Ecce aliud simile dissimile. Compensabatur, inquit, cum summis doloribus laetitia. 

Duo Reges: constructio interrete. Sed ad illum redeo. Praeclare hoc quidem. Qui-vere falsone, quaerere mittimus-dicitur oculis se privasse; At certe gravius. At multis se probavit. 

Efficiens dici potest. Ita prorsus, inquam; At certe gravius. Graccho, eius fere, aequalí? Ita nemo beato beatior. Haeret in salebra. Inquit, dasne adolescenti veniam? 

Moriatur, inquit. Si longus, levis dictata sunt. 

At eum nihili facit; Tubulo putas dicere? Quid censes in Latino fore? Nam quid possumus facere melius? Quod cum dixissent, ille contra. Quod equidem non reprehendo; 

Ac tamen hic mallet non dolere. Occultum facinus esse potuerit, gaudebit; 

');
INSERT INTO "books" VALUES(19,30804035,56,5,'Oxezehav Otimiaadi','http://placehold.it/248x340/d0d5da/336699&text=19','Lorem ipsum dolor sit amet, consectetur adipiscing elit. Collige omnia, quae soletis: Praesidium amicorum. Non igitur bene. Igitur ne dolorem quidem. Quid adiuvas? Duo Reges: constructio interrete. Hoc simile tandem est? 

Illi enim inter se dissentiunt. Frater et T. Sed ad illum redeo. ALIO MODO. Beatus sibi videtur esse moriens. Sequitur disserendi ratio cognitioque naturae; 

Neutrum vero, inquit ille. Inde igitur, inquit, ordiendum est. Nemo igitur esse beatus potest. Quod ea non occurrentia fingunt, vincunt Aristonem; 

Laboro autem non sine causa; An eiusdem modi? Paria sunt igitur. Oratio me istius philosophi non offendit; Haeret in salebra. Scaevolam M. Sin aliud quid voles, postea. 

Quid sequatur, quid repugnet, vident. Erat enim Polemonis. 

Primum quid tu dicis breve? Sed haec omittamus; 

Primum quid tu dicis breve? Quae quidem sapientes sequuntur duce natura tamquam videntes; Restinguet citius, si ardentem acceperit. Aliter homines, aliter philosophos loqui putas oportere? Utram tandem linguam nescio? Id mihi magnum videtur. Tum ille: Ain tandem? 

Scrupulum, inquam, abeunti; Si enim ad populum me vocas, eum. 

Quodsi ipsam honestatem undique pertectam atque absolutam. Sed nimis multa. Sed fortuna fortis; Sed haec omittamus; 

Id Sextilius factum negabat. Videsne quam sit magna dissensio? Occultum facinus esse potuerit, gaudebit; Hoc non est positum in nostra actione. Venit ad extremum; Quid adiuvas? 

');
INSERT INTO "books" VALUES(20,34873584,114,5,'Igaoaoicijo','http://placehold.it/248x340/d0d5da/336699&text=20','Lorem ipsum dolor sit amet, consectetur adipiscing elit. Igitur ne dolorem quidem. An nisi populari fama? Duo Reges: constructio interrete. Est enim effectrix multarum et magnarum voluptatum. 

Polycratem Samium felicem appellabant. Facete M. Eam stabilem appellas. Ut id aliis narrare gestiant? Egone quaeris, inquit, quid sentiam? Scaevolam M. Proclivi currit oratio. 

Idemne, quod iucunde? Occultum facinus esse potuerit, gaudebit; 

Negare non possum. Negare non possum. Ita nemo beato beatior. De illis, cum volemus. Si longus, levis; 

Haec dicuntur fortasse ieiunius; Nam ista vestra: Si gravis, brevis; A mene tu? Non est igitur summum malum dolor. 

Tollenda est atque extrahenda radicitus. Respondeat totidem verbis. Maximus dolor, inquit, brevis est. Ne discipulum abducam, times. Efficiens dici potest. 

Honesta oratio, Socratica, Platonis etiam. Itaque fecimus. At multis malis affectus. Quid ad utilitatem tantae pecuniae? Polycratem Samium felicem appellabant. 

Hunc vos beatum; Contineo me ab exemplis. Recte dicis; Nihil sane. Graece donan, Latine voluptatem vocant. Quid ergo? 

At enim hic etiam dolore. Apparet statim, quae sint officia, quae actiones. Frater et T. Zenonis est, inquam, hoc Stoici. Est enim effectrix multarum et magnarum voluptatum. 

Suo genere perveniant ad extremum; Ut id aliis narrare gestiant? Quid de Platone aut de Democrito loquar? Quorum sine causa fieri nihil putandum est. 

');
INSERT INTO "books" VALUES(21,56557653,43,10,'Umakumefur Emovigebuf Acuoumahiouo','http://placehold.it/248x340/d0d5da/336699&text=21','Lorem ipsum dolor sit amet, consectetur adipiscing elit. Quid igitur, inquit, eos responsuros putas? Nihil ad rem! Ne sit sane; Hoc loco tenere se Triarius non potuit. Duo Reges: constructio interrete. Quis hoc dicit? 

Istic sum, inquit. Sed ad illum redeo. Quis enim redargueret? Hoc est non dividere, sed frangere. Quid autem habent admirationis, cum prope accesseris? Age sane, inquam. 

Eadem nunc mea adversum te oratio est. Sed fortuna fortis; Dat enim intervalla et relaxat. Videsne quam sit magna dissensio? Erat enim res aperta. Egone quaeris, inquit, quid sentiam? 

Bonum integritas corporis: misera debilitas. Quare attende, quaeso. Nihilo beatiorem esse Metellum quam Regulum. Erat enim Polemonis. Mihi enim satis est, ipsis non satis. 

Suo genere perveniant ad extremum; Ut optime, secundum naturam affectum esse possit. Negare non possum. 

Confecta res esset. Cyrenaici quidem non recusant; Non potes, nisi retexueris illa. Quam nemo umquam voluptatem appellavit, appellat; Equidem e Cn. Proclivi currit oratio. Sed hoc sane concedamus. 

Nobis aliter videtur, recte secusne, postea; Tubulo putas dicere? Age sane, inquam. Hunc vos beatum; Nulla erit controversia. Si longus, levis; 

Age sane, inquam. Istic sum, inquit. Qua tu etiam inprudens utebare non numquam. Suam denique cuique naturam esse ad vivendum ducem. Iam enim adesse poterit. Quae contraria sunt his, malane? Nonne igitur tibi videntur, inquit, mala? 

Respondent extrema primis, media utrisque, omnia omnibus. Primum in nostrane potestate est, quid meminerimus? Quod equidem non reprehendo; Easdemne res? 

Sed fortuna fortis; Nunc agendum est subtilius. An potest cupiditas finiri? Peccata paria. Stoici scilicet. Praeteritis, inquit, gaudeo. 

');
INSERT INTO "books" VALUES(22,38828936,45,6,'Umuoayoges Axeauhooo Ijivogarizo Eaagikaeoa','http://placehold.it/248x340/d0d5da/336699&text=22','Lorem ipsum dolor sit amet, consectetur adipiscing elit. Nunc vides, quid faciat. Nihilo magis. Numquam facies. Quae cum essent dicta, discessimus. Sit sane ista voluptas. Quod cum dixissent, ille contra. 

Graccho, eius fere, aequalí? Idemne, quod iucunde? Immo alio genere; 

Occultum facinus esse potuerit, gaudebit; Simus igitur contenti his. Tum ille: Ain tandem? Quae ista amicitia est? 

Quippe: habes enim a rhetoribus; Quae est igitur causa istarum angustiarum? Quis istum dolorem timet? Sumenda potius quam expetenda. 

Nunc vides, quid faciat. Ne in odium veniam, si amicum destitero tueri. 

Si quicquam extra virtutem habeatur in bonis. Duo Reges: constructio interrete. Tria genera bonorum; Ergo, inquit, tibi Q. Hoc ipsum elegantius poni meliusque potuit. 

Primum divisit ineleganter; Tu quidem reddes; Sed plane dicit quod intellegit. A mene tu? 

Quod totum contra est. Sed residamus, inquit, si placet. Tum mihi Piso: Quid ergo? Quibusnam praeteritis? Tollenda est atque extrahenda radicitus. Itaque his sapiens semper vacabit. Immo alio genere; Quae cum essent dicta, discessimus. 

Sint ista Graecorum; Sed ea mala virtuti magnitudine obruebantur. Efficiens dici potest. Quonam, inquit, modo? Hic ambiguo ludimur. Ille incendat? 

Quis enim redargueret? Prave, nequiter, turpiter cenabat; 

');
INSERT INTO "books" VALUES(23,88698584,33,15,'Uzilefoeez','http://placehold.it/248x340/d0d5da/336699&text=23','Lorem ipsum dolor sit amet, consectetur adipiscing elit. Polycratem Samium felicem appellabant. Respondeat totidem verbis. Quid sequatur, quid repugnet, vident. Quid censes in Latino fore? Duo Reges: constructio interrete. Eaedem res maneant alio modo. 

Audeo dicere, inquit. Suam denique cuique naturam esse ad vivendum ducem. Haeret in salebra. 

De illis, cum volemus. Deprehensus omnem poenam contemnet. Sic enim censent, oportunitatis esse beate vivere. Quodsi ipsam honestatem undique pertectam atque absolutam. 

Tria genera bonorum; Sumenda potius quam expetenda. Sint ista Graecorum; Eam stabilem appellas. 

Praeclare hoc quidem. Quod equidem non reprehendo; Restatis igitur vos; Sit enim idem caecus, debilis. Quis non odit sordidos, vanos, leves, futtiles? Suo genere perveniant ad extremum; 

Quo modo autem philosophus loquitur? Quod vestri non item. Quo tandem modo? Videsne quam sit magna dissensio? Id enim natura desiderat. Iam contemni non poteris. 

Quis istum dolorem timet? Tollenda est atque extrahenda radicitus. Dici enim nihil potest verius. Minime vero istorum quidem, inquit. 

Stoicos roga. Si quae forte-possumus. Hic ambiguo ludimur. Dici enim nihil potest verius. Tu vero, inquam, ducas licet, si sequetur; Praeclare hoc quidem. 

Teneo, inquit, finem illi videri nihil dolere. Illa tamen simplicia, vestra versuta. Si longus, levis; Graece donan, Latine voluptatem vocant. De illis, cum volemus. Sit sane ista voluptas. 

Dici enim nihil potest verius. Quis istum dolorem timet? Ecce aliud simile dissimile. Peccata paria. Torquatus, is qui consul cum Cn. Sed plane dicit quod intellegit. 

');
INSERT INTO "books" VALUES(24,53489556,2,5,'Izuouzusuzed Alozuzaredap','http://placehold.it/248x340/d0d5da/336699&text=24','Lorem ipsum dolor sit amet, consectetur adipiscing elit. Reguli reiciendam; Sed tamen intellego quid velit. Utram tandem linguam nescio? Duo Reges: constructio interrete. Sed tamen intellego quid velit. 

Simus igitur contenti his. Quare attende, quaeso. Expectoque quid ad id, quod quaerebam, respondeas. Est, ut dicis, inquit; 

Quid sequatur, quid repugnet, vident. Gerendus est mos, modo recte sentiat. Inde igitur, inquit, ordiendum est. Quod equidem non reprehendo; 

Quae cum dixisset, finem ille. Inde igitur, inquit, ordiendum est. Gloriosa ostentatio in constituendo summo bono. Et nemo nimium beatus est; 

Huius, Lyco, oratione locuples, rebus ipsis ielunior. Audeo dicere, inquit. Cave putes quicquam esse verius. Nescio quo modo praetervolavit oratio. Audeo dicere, inquit. 

Respondeat totidem verbis. Eademne, quae restincta siti? Certe, nisi voluptatem tanti aestimaretis. Sed virtutem ipsam inchoavit, nihil amplius. Iam in altera philosophiae parte. 

Quonam modo? Praeteritis, inquit, gaudeo. Quae cum essent dicta, discessimus. Nunc de hominis summo bono quaeritur; Qui convenit? Quibusnam praeteritis? Quis negat? Falli igitur possumus. 

Sed nimis multa. Prodest, inquit, mihi eo esse animo. Tum ille: Ain tandem? Numquam facies. Si longus, levis dictata sunt. Satis est ad hoc responsum. Tria genera bonorum; Quis est tam dissimile homini. 

Iam in altera philosophiae parte. Quae cum essent dicta, discessimus. Primum quid tu dicis breve? Age sane, inquam. 

Est enim effectrix multarum et magnarum voluptatum. Quonam modo? Scrupulum, inquam, abeunti; Summus dolor plures dies manere non potest? Sequitur disserendi ratio cognitioque naturae; Sequitur disserendi ratio cognitioque naturae; Rationis enim perfectio est virtus; 

');
INSERT INTO "books" VALUES(25,76382845,3,11,'Ularuvet Asikasaiuuut Ogosacuyamou','http://placehold.it/248x340/d0d5da/336699&text=25','Lorem ipsum dolor sit amet, consectetur adipiscing elit. Frater et T. Tum ille: Ain tandem? Honesta oratio, Socratica, Platonis etiam. Duo Reges: constructio interrete. 

Sed ea mala virtuti magnitudine obruebantur. Occultum facinus esse potuerit, gaudebit; Haec igitur Epicuri non probo, inquam. Quid enim? Idemne, quod iucunde? Idem adhuc; Teneo, inquit, finem illi videri nihil dolere. Ea possunt paria non esse. 

Si longus, levis dictata sunt. Tria genera bonorum; Istic sum, inquit. Comprehensum, quod cognitum non habet? Paria sunt igitur. Sed quid sentiat, non videtis. 

Sed ille, ut dixi, vitiose. Ac tamen hic mallet non dolere. Scisse enim te quis coarguere possit? Nulla erit controversia. Sed virtutem ipsam inchoavit, nihil amplius. Haec dicuntur inconstantissime. 

Honesta oratio, Socratica, Platonis etiam. Bonum incolumis acies: misera caecitas. Apparet statim, quae sint officia, quae actiones. 

Quid ergo? Quid ad utilitatem tantae pecuniae? Si longus, levis dictata sunt. 

Hoc ipsum elegantius poni meliusque potuit. Si longus, levis. Ita prorsus, inquam; Murenam te accusante defenderem. Idem iste, inquam, de voluptate quid sentit? 

Qualem igitur hominem natura inchoavit? Scrupulum, inquam, abeunti; Ecce aliud simile dissimile. Restatis igitur vos; 

Respondeat totidem verbis. Certe non potest. Id enim natura desiderat. Tum Torquatus: Prorsus, inquit, assentior; Graece donan, Latine voluptatem vocant. Nam de isto magna dissensio est. A mene tu? 

Age sane, inquam. Praeclare hoc quidem. Cur iustitia laudatur? Sed ille, ut dixi, vitiose. Ut id aliis narrare gestiant? Quid enim? 

');
INSERT INTO "books" VALUES(256,27204108,4,5,'Iiokafojulio Ipukimaleriv Eradomet','http://placehold.it/248x340/d0d5da/336699&text=256','Lorem ipsum dolor sit amet, consectetur adipiscing elit. Sed residamus, inquit, si placet. Duo Reges: constructio interrete. Tria genera bonorum; Quae sequuntur igitur? 

Erat enim res aperta. Istam voluptatem, inquit, Epicurus ignorat? Eam stabilem appellas. Hic nihil fuit, quod quaereremus. Invidiosum nomen est, infame, suspectum. Peccata paria. 

Quis istud, quaeso, nesciebat? Omnia peccata paria dicitis. Ratio enim nostra consentit, pugnat oratio. Quis hoc dicit? Nam quid possumus facere melius? Stoici scilicet. Primum Theophrasti, Strato, physicum se voluit; Suo enim quisque studio maxime ducitur. 

Moriatur, inquit. At enim hic etiam dolore. Haeret in salebra. Immo alio genere; 

Qualem igitur hominem natura inchoavit? Contemnit enim disserendi elegantiam, confuse loquitur. Aufert enim sensus actionemque tollit omnem. At multis malis affectus. 

Ita nemo beato beatior. Sin aliud quid voles, postea. Quorum sine causa fieri nihil putandum est. Minime vero istorum quidem, inquit. Quid de Pythagora? Frater et T. 

Quo modo autem philosophus loquitur? Erat enim res aperta. Ea possunt paria non esse. Satis est ad hoc responsum. Bonum patria: miserum exilium. Frater et T. 

Ita credo. Quo modo autem philosophus loquitur? Immo videri fortasse. Et quidem, inquit, vehementer errat; Tu quidem reddes; 

Respondeat totidem verbis. Verum hoc idem saepe faciamus. Sint ista Graecorum; Pugnant Stoici cum Peripateticis. Sed in rebus apertissimis nimium longi sumus. 

At hoc in eo M. Si longus, levis. Hic nihil fuit, quod quaereremus. Nihil sane. 

');
INSERT INTO "books" VALUES(257,87489598,110,15,'Avaripimu Ukexaeazixor Ixohaaeeitae','http://placehold.it/248x340/d0d5da/336699&text=257','Lorem ipsum dolor sit amet, consectetur adipiscing elit. Sed fortuna fortis; Res enim concurrent contrariae. Non est igitur voluptas bonum. Invidiosum nomen est, infame, suspectum. 

Quid vero? Beatum, inquit. Quid de Pythagora? Istic sum, inquit. Sint ista Graecorum; 

Quo tandem modo? Tria genera bonorum; Zenonis est, inquam, hoc Stoici. Quippe: habes enim a rhetoribus; Nihilo magis. Respondeat totidem verbis. Murenam te accusante defenderem. 

Quid ergo attinet gloriose loqui, nisi constanter loquare? Minime vero istorum quidem, inquit. Qui est in parvis malis. Quis hoc dicit? Itaque hic ipse iam pridem est reiectus; Tria genera bonorum; 

Sullae consulatum? Tu vero, inquam, ducas licet, si sequetur; Quod iam a me expectare noli. Aliter enim explicari, quod quaeritur, non potest. 

Duo Reges: constructio interrete. Restatis igitur vos; Non potes, nisi retexueris illa. At coluit ipse amicitias. 

Si enim ad populum me vocas, eum. Deinde dolorem quem maximum? Hoc Hieronymus summum bonum esse dixit. Sed fortuna fortis; Paria sunt igitur. Quamquam te quidem video minime esse deterritum. Eadem fortitudinis ratio reperietur. 

Istam voluptatem, inquit, Epicurus ignorat? Certe non potest. 

Haec dicuntur inconstantissime. Tibi hoc incredibile, quod beatissimum. Nos commodius agimus. Quis istum dolorem timet? Quae similitudo in genere etiam humano apparet. Tria genera bonorum; 

Paria sunt igitur. Numquam facies. Sed nunc, quod agimus; Quae sequuntur igitur? Minime vero, inquit ille, consentit. Velut ego nunc moveor. Tubulo putas dicere? 

');
INSERT INTO "books" VALUES(258,91333192,111,13,'Ejidadusi Iserirogi Egeaaciu','http://placehold.it/248x340/d0d5da/336699&text=258','Lorem ipsum dolor sit amet, consectetur adipiscing elit. Tum mihi Piso: Quid ergo? Itaque ab his ordiamur. Ut pulsi recurrant? Videsne quam sit magna dissensio? Duo Reges: constructio interrete. Quid me istud rogas? Si quae forte-possumus. 

An potest cupiditas finiri? Proclivi currit oratio. Istam voluptatem, inquit, Epicurus ignorat? Nullus est igitur cuiusquam dies natalis. 

Sed fortuna fortis; Nos cum te, M. Zenonis est, inquam, hoc Stoici. Quam nemo umquam voluptatem appellavit, appellat; Sed in rebus apertissimis nimium longi sumus. Itaque contra est, ac dicitis; Tollenda est atque extrahenda radicitus. 

Recte, inquit, intellegis. Si quidem, inquit, tollerem, sed relinquo. 

Quid me istud rogas? Haec quo modo conveniant, non sane intellego. Sedulo, inquam, faciam. Quid vero? Immo videri fortasse. Videsne, ut haec concinant? Quippe: habes enim a rhetoribus; Tria genera bonorum; 

At multis malis affectus. Sic consequentibus vestris sublatis prima tolluntur. Quis Aristidem non mortuum diligit? 

Eadem fortitudinis ratio reperietur. Recte, inquit, intellegis. Bonum incolumis acies: misera caecitas. Tria genera bonorum; Sed fac ista esse non inportuna; 

Restatis igitur vos; Addidisti ad extremum etiam indoctum fuisse. Certe non potest. Sed nimis multa. 

Est, ut dicis, inquam. Iam in altera philosophiae parte. Suo enim quisque studio maxime ducitur. Ut id aliis narrare gestiant? Bonum valitudo: miser morbus. Certe, nisi voluptatem tanti aestimaretis. 

Que Manilium, ab iisque M. Quid ergo hoc loco intellegit honestum? Quae cum essent dicta, discessimus. Bestiarum vero nullum iudicium puto. 

');
INSERT INTO "books" VALUES(259,85771325,84,11,'Eeebopix','http://placehold.it/248x340/d0d5da/336699&text=259','Lorem ipsum dolor sit amet, consectetur adipiscing elit. Verum hoc idem saepe faciamus. Praeclare hoc quidem. Paria sunt igitur. Duo Reges: constructio interrete. 

Haec dicuntur fortasse ieiunius; Nonne igitur tibi videntur, inquit, mala? Res enim concurrent contrariae. At certe gravius. 

Verum hoc idem saepe faciamus. Quorum altera prosunt, nocent altera. Quo tandem modo? Utram tandem linguam nescio? Audeo dicere, inquit. 

Pollicetur certe. Tibi hoc incredibile, quod beatissimum. Age sane, inquam. 

Quid adiuvas? Equidem e Cn. Murenam te accusante defenderem. Quare attende, quaeso. Hoc ipsum elegantius poni meliusque potuit. 

Cur post Tarentum ad Archytam? Collatio igitur ista te nihil iuvat. Hos contra singulos dici est melius. Verum hoc idem saepe faciamus. An nisi populari fama? Tum ille: Ain tandem? Minime vero, inquit ille, consentit. 

Qui est in parvis malis. Age sane, inquam. Murenam te accusante defenderem. An potest cupiditas finiri? Dici enim nihil potest verius. 

Itaque fecimus. Haec dicuntur fortasse ieiunius; Quonam, inquit, modo? Id Sextilius factum negabat. 

Sed hoc sane concedamus. Pauca mutat vel plura sane; At certe gravius. Eaedem res maneant alio modo. 

Omnia peccata paria dicitis. Quod vestri non item. 

');
INSERT INTO "books" VALUES(260,94480130,4,7,'Uiamemibub Imukodaxuda Axovelahit','http://placehold.it/248x340/d0d5da/336699&text=260','Lorem ipsum dolor sit amet, consectetur adipiscing elit. Non igitur bene. Ad eos igitur converte te, quaeso. Magna laus. Quod vestri non item. Ita credo. 

Iam enim adesse poterit. Minime vero istorum quidem, inquit. Si longus, levis. Quod cum dixissent, ille contra. Sint modo partes vitae beatae. Invidiosum nomen est, infame, suspectum. Non laboro, inquit, de nomine. 

Duo Reges: constructio interrete. Res enim concurrent contrariae. 

Nihil enim hoc differt. Venit ad extremum; Ille incendat? Tibi hoc incredibile, quod beatissimum. Si longus, levis. 

Id enim natura desiderat. Sint modo partes vitae beatae. Suo genere perveniant ad extremum; 

Est enim effectrix multarum et magnarum voluptatum. Quid adiuvas? Tu quidem reddes; Haec dicuntur inconstantissime. 

Bonum liberi: misera orbitas. Qua tu etiam inprudens utebare non numquam. Conferam avum tuum Drusum cum C. Quae duo sunt, unum facit. Non est igitur voluptas bonum. Itaque contra est, ac dicitis; 

Istic sum, inquit. Quid sequatur, quid repugnet, vident. Sed haec omittamus; Minime vero, inquit ille, consentit. Nos commodius agimus. Cur deinde Metrodori liberos commendas? 

Sit sane ista voluptas. Qualem igitur hominem natura inchoavit? 

Quid vero? Ita credo. 

');
INSERT INTO "books" VALUES(261,48194961,22,16,'Eeoaoxey Acutusue','http://placehold.it/248x340/d0d5da/336699&text=261','Lorem ipsum dolor sit amet, consectetur adipiscing elit. Quid ergo? Ut id aliis narrare gestiant? A mene tu? 

Duo Reges: constructio interrete. Quod ea non occurrentia fingunt, vincunt Aristonem; Quare attende, quaeso. Itaque his sapiens semper vacabit. Recte, inquit, intellegis. Occultum facinus esse potuerit, gaudebit; 

Immo alio genere; In schola desinis. Respondeat totidem verbis. Idemne, quod iucunde? Quid adiuvas? Recte, inquit, intellegis. 

Tria genera bonorum; Poterat autem inpune; Sin aliud quid voles, postea. Qui convenit? 

Erat enim Polemonis. Hoc ipsum elegantius poni meliusque potuit. Scaevolam M. At ille pellit, qui permulcet sensum voluptate. 

Quonam, inquit, modo? Deprehensus omnem poenam contemnet. Ut pulsi recurrant? Hic nihil fuit, quod quaereremus. Maximus dolor, inquit, brevis est. 

Ratio quidem vestra sic cogit. Certe non potest. Quibusnam praeteritis? Sin aliud quid voles, postea. Cave putes quicquam esse verius. Bonum incolumis acies: misera caecitas. 

Qui convenit? Dempta enim aeternitate nihilo beatior Iuppiter quam Epicurus; Non laboro, inquit, de nomine. Quaerimus enim finem bonorum. Cur post Tarentum ad Archytam? Ut aliquid scire se gaudeant? 

Optime, inquam. Immo videri fortasse. Eadem fortitudinis ratio reperietur. 

Cave putes quicquam esse verius. An potest cupiditas finiri? Quid enim? Ego vero isti, inquam, permitto. Quibusnam praeteritis? 

');
INSERT INTO "books" VALUES(262,62104155,39,7,'Imaoesiou Aeibusoguueu Epeaieuri','http://placehold.it/248x340/d0d5da/336699&text=262','Lorem ipsum dolor sit amet, consectetur adipiscing elit. Non semper, inquam; Sit enim idem caecus, debilis. Torquatus, is qui consul cum Cn. 

Sed videbimus. Haeret in salebra. Zenonis est, inquam, hoc Stoici. Sed quod proximum fuit non vidit. 

Apparet statim, quae sint officia, quae actiones. Aliter homines, aliter philosophos loqui putas oportere? Si id dicis, vicimus. Sequitur disserendi ratio cognitioque naturae; An potest cupiditas finiri? Non potes, nisi retexueris illa. 

An tu me de L. Qui est in parvis malis. Quippe: habes enim a rhetoribus; 

Audeo dicere, inquit. Tum mihi Piso: Quid ergo? De quibus cupio scire quid sentias. Paria sunt igitur. An eiusdem modi? 

Tria genera bonorum; Quis istud possit, inquit, negare? 

Quonam, inquit, modo? Expectoque quid ad id, quod quaerebam, respondeas. Erat enim Polemonis. Equidem e Cn. Sed quid sentiat, non videtis. Hic ambiguo ludimur. 

Aliter autem vobis placet. Quae duo sunt, unum facit. Negare non possum. Sed residamus, inquit, si placet. Tu quidem reddes; Ostendit pedes et pectus. 

Duo Reges: constructio interrete. Sed nimis multa. 

Cur deinde Metrodori liberos commendas? Scrupulum, inquam, abeunti; Aliter enim explicari, quod quaeritur, non potest. Sullae consulatum? 

');
INSERT INTO "books" VALUES(263,95678355,61,8,'Eyaeiboza Ameaekomuti','http://placehold.it/248x340/d0d5da/336699&text=263','Lorem ipsum dolor sit amet, consectetur adipiscing elit. Nihilo magis. De vacuitate doloris eadem sententia erit. Tubulo putas dicere? De vacuitate doloris eadem sententia erit. Quis istud, quaeso, nesciebat? Hic ambiguo ludimur. 

Erit enim mecum, si tecum erit. Quae cum dixisset, finem ille. Nullus est igitur cuiusquam dies natalis. Sedulo, inquam, faciam. Ille incendat? Quid enim? Nescio quo modo praetervolavit oratio. Si longus, levis. Si quae forte-possumus. 

Nullus est igitur cuiusquam dies natalis. Nos vero, inquit ille; Itaque hic ipse iam pridem est reiectus; Recte dicis; Primum divisit ineleganter; Minime vero istorum quidem, inquit. An nisi populari fama? Quorum sine causa fieri nihil putandum est. 

Quippe: habes enim a rhetoribus; Quae contraria sunt his, malane? Sed quot homines, tot sententiae; Certe, nisi voluptatem tanti aestimaretis. Quae duo sunt, unum facit. Nihilo magis. 

Quis hoc dicit? Duo Reges: constructio interrete. Verum hoc idem saepe faciamus. Perge porro; 

Bonum liberi: misera orbitas. Quo tandem modo? 

Quid sequatur, quid repugnet, vident. Quo modo autem philosophus loquitur? Haeret in salebra. Quid nunc honeste dicit? Nam quid possumus facere melius? Que Manilium, ab iisque M. Quid censes in Latino fore? 

Ut optime, secundum naturam affectum esse possit. Dici enim nihil potest verius. Tum ille: Ain tandem? Obsecro, inquit, Torquate, haec dicit Epicurus? Philosophi autem in suis lectulis plerumque moriuntur. Quamquam te quidem video minime esse deterritum. 

Si id dicis, vicimus. Sed quid sentiat, non videtis. Recte, inquit, intellegis. Sed nimis multa. 

A mene tu? Iubet igitur nos Pythius Apollo noscere nosmet ipsos. 

');
INSERT INTO "books" VALUES(264,66672470,23,18,'Uyagarixesu Ieazojafo Iieyugekipec Iiaoajuyak','http://placehold.it/248x340/d0d5da/336699&text=264','Lorem ipsum dolor sit amet, consectetur adipiscing elit. An eiusdem modi? At certe gravius. Sed haec omittamus; Dicimus aliquem hilare vivere; 

Pollicetur certe. Ita prorsus, inquam; Aeque enim contingit omnibus fidibus, ut incontentae sint. Teneo, inquit, finem illi videri nihil dolere. Istic sum, inquit. Eaedem res maneant alio modo. Illud non continuo, ut aeque incontentae. A mene tu? 

At, si voluptas esset bonum, desideraret. Praeclare hoc quidem. Non igitur bene. Sed quid sentiat, non videtis. Certe non potest. Inde igitur, inquit, ordiendum est. Quid censes in Latino fore? Ratio enim nostra consentit, pugnat oratio. 

Cur haec eadem Democritus? Duo Reges: constructio interrete. Si quae forte-possumus. Quod equidem non reprehendo; Sumenda potius quam expetenda. 

Minime vero istorum quidem, inquit. Traditur, inquit, ab Epicuro ratio neglegendi doloris. Quis est tam dissimile homini. Murenam te accusante defenderem. At certe gravius. Quis istud, quaeso, nesciebat? 

An hoc usque quaque, aliter in vita? Diodorus, eius auditor, adiungit ad honestatem vacuitatem doloris. Venit ad extremum; Verum hoc idem saepe faciamus. Scrupulum, inquam, abeunti; 

At enim hic etiam dolore. Videamus animi partes, quarum est conspectus illustrior; Quorum altera prosunt, nocent altera. Sed quae tandem ista ratio est? Ubi ut eam caperet aut quando? 

Iam in altera philosophiae parte. Quid adiuvas? Quo modo? Non laboro, inquit, de nomine. Ac tamen hic mallet non dolere. Velut ego nunc moveor. 

Tibi hoc incredibile, quod beatissimum. Id enim natura desiderat. 

Erat enim Polemonis. Ego vero isti, inquam, permitto. Perge porro; Nihil sane. Eiuro, inquit adridens, iniquum, hac quidem de re; Maximus dolor, inquit, brevis est. 

');
INSERT INTO "books" VALUES(265,91959107,39,9,'Ozuieauyi','http://placehold.it/248x340/d0d5da/336699&text=265','Lorem ipsum dolor sit amet, consectetur adipiscing elit. An eiusdem modi? Non quam nostram quidem, inquit Pomponius iocans; Confecta res esset. Illa tamen simplicia, vestra versuta. Beatum, inquit. Stoici scilicet. 

Tum mihi Piso: Quid ergo? Duo Reges: constructio interrete. Sed videbimus. Non quam nostram quidem, inquit Pomponius iocans; 

Tubulo putas dicere? Erat enim res aperta. Easdemne res? Respondeat totidem verbis. Philosophi autem in suis lectulis plerumque moriuntur. Nulla erit controversia. Ut id aliis narrare gestiant? 

Sed quid sentiat, non videtis. Sed residamus, inquit, si placet. Quis est tam dissimile homini. Non laboro, inquit, de nomine. 

At eum nihili facit; Ego vero isti, inquam, permitto. Cyrenaici quidem non recusant; 

Tibi hoc incredibile, quod beatissimum. Quo tandem modo? Recte, inquit, intellegis. Ut pulsi recurrant? Aliter autem vobis placet. Ea possunt paria non esse. Putabam equidem satis, inquit, me dixisse. Pugnant Stoici cum Peripateticis. 

Ratio quidem vestra sic cogit. Restatis igitur vos; Sed ad rem redeamus; Idemne, quod iucunde? Si longus, levis. 

Sic enim censent, oportunitatis esse beate vivere. Sed hoc sane concedamus. Sint modo partes vitae beatae. Huius ego nunc auctoritatem sequens idem faciam. Omnia peccata paria dicitis. Age sane, inquam. 

Sin aliud quid voles, postea. Tum Torquatus: Prorsus, inquit, assentior; Primum Theophrasti, Strato, physicum se voluit; Ut pulsi recurrant? Quid ad utilitatem tantae pecuniae? Sint modo partes vitae beatae. 

Faceres tu quidem, Torquate, haec omnia; Iam enim adesse poterit. Urgent tamen et nihil remittunt. Hic ambiguo ludimur. 

');
INSERT INTO "books" VALUES(266,95808406,63,6,'Exasevapaxoy Azaaaxeleh','http://placehold.it/248x340/d0d5da/336699&text=266','Lorem ipsum dolor sit amet, consectetur adipiscing elit. Tria genera bonorum; Quibus ego vehementer assentior. Si enim ad populum me vocas, eum. Duo Reges: constructio interrete. Scrupulum, inquam, abeunti; Qualem igitur hominem natura inchoavit? 

Age sane, inquam. Igitur ne dolorem quidem. Memini me adesse P. Sed haec omittamus; 

Nos cum te, M. Sed ad rem redeamus; Expectoque quid ad id, quod quaerebam, respondeas. Ille incendat? Si longus, levis. Quid de Pythagora? Immo videri fortasse. 

Audeo dicere, inquit. Vide, quantum, inquam, fallare, Torquate. Recte dicis; Quid censes in Latino fore? Etiam beatissimum? Nunc de hominis summo bono quaeritur; 

Aufert enim sensus actionemque tollit omnem. Inde igitur, inquit, ordiendum est. Ad eos igitur converte te, quaeso. Praeteritis, inquit, gaudeo. Quis Aristidem non mortuum diligit? Iam in altera philosophiae parte. 

Quid vero? Aliter autem vobis placet. Expectoque quid ad id, quod quaerebam, respondeas. Quid igitur, inquit, eos responsuros putas? A mene tu? Recte, inquit, intellegis. Sed quot homines, tot sententiae; Frater et T. 

Honesta oratio, Socratica, Platonis etiam. A mene tu? Quae diligentissime contra Aristonem dicuntur a Chryippo. Memini vero, inquam; Satis est ad hoc responsum. 

Quae duo sunt, unum facit. Itaque fecimus. Bonum incolumis acies: misera caecitas. Memini vero, inquam; Itaque fecimus. Sed videbimus. 

Frater et T. Negat enim summo bono afferre incrementum diem. 

Quare ad ea primum, si videtur; Sed nimis multa. Ita prorsus, inquam; Paria sunt igitur. Aliter autem vobis placet. Bonum incolumis acies: misera caecitas. 

');
INSERT INTO "books" VALUES(267,52523184,66,5,'Auebedugi Evoeozayemeh','http://placehold.it/248x340/d0d5da/336699&text=267','Lorem ipsum dolor sit amet, consectetur adipiscing elit. Nobis aliter videtur, recte secusne, postea; Tenent mordicus. Quae cum essent dicta, discessimus. Duo Reges: constructio interrete. 

Cui Tubuli nomen odio non est? Et quidem, inquit, vehementer errat; Polycratem Samium felicem appellabant. Respondeat totidem verbis. 

Quid, de quo nulla dissensio est? Egone quaeris, inquit, quid sentiam? 

Quid de Pythagora? Sed haec omittamus; Cur id non ita fit? Prodest, inquit, mihi eo esse animo. Quonam modo? Nescio quo modo praetervolavit oratio. 

Quis hoc dicit? Id mihi magnum videtur. Cur post Tarentum ad Archytam? Quam si explicavisset, non tam haesitaret. 

Eademne, quae restincta siti? Hic nihil fuit, quod quaereremus. Utilitatis causa amicitia est quaesita. Quae contraria sunt his, malane? Tamen a proposito, inquam, aberramus. 

Nam Pyrrho, Aristo, Erillus iam diu abiecti. Quod totum contra est. Nihil opus est exemplis hoc facere longius. Cave putes quicquam esse verius. Haeret in salebra. Quis istud, quaeso, nesciebat? 

Tibi hoc incredibile, quod beatissimum. Ostendit pedes et pectus. Quantum Aristoxeni ingenium consumptum videmus in musicis? Non est igitur summum malum dolor. Ostendit pedes et pectus. 

Quo igitur, inquit, modo? Ille enim occurrentia nescio quae comminiscebatur; Non igitur bene. Ita prorsus, inquam; 

Tubulo putas dicere? Si longus, levis. Non semper, inquam; Inde igitur, inquit, ordiendum est. Easdemne res? 

');
INSERT INTO "books" VALUES(268,58517541,68,18,'Ieituzucug Iuodeeizea','http://placehold.it/248x340/d0d5da/336699&text=268','Lorem ipsum dolor sit amet, consectetur adipiscing elit. Memini vero, inquam; Quis negat? Deprehensus omnem poenam contemnet. Sed virtutem ipsam inchoavit, nihil amplius. 

Quid ad utilitatem tantae pecuniae? Si longus, levis; 

Odium autem et invidiam facile vitabis. Quis istum dolorem timet? Duo Reges: constructio interrete. Hoc simile tandem est? 

Iam enim adesse poterit. Ille incendat? Disserendi artem nullam habuit. Quae cum dixisset, finem ille. 

Nobis aliter videtur, recte secusne, postea; Sed nimis multa. Quid me istud rogas? 

Rationis enim perfectio est virtus; Hunc vos beatum; Equidem e Cn. Si quae forte-possumus. 

Non semper, inquam; Quae cum essent dicta, discessimus. Honesta oratio, Socratica, Platonis etiam. Idem adhuc; Audeo dicere, inquit. Itaque his sapiens semper vacabit. 

Sedulo, inquam, faciam. Quo modo? Et nemo nimium beatus est; 

Poterat autem inpune; Est, ut dicis, inquit; 

An potest cupiditas finiri? Negare non possum. Poterat autem inpune; Dat enim intervalla et relaxat. 

');
INSERT INTO "books" VALUES(269,38801187,21,14,'Ipexoiul Olefaros Ahieehoy','http://placehold.it/248x340/d0d5da/336699&text=269','Lorem ipsum dolor sit amet, consectetur adipiscing elit. Frater et T. Duarum enim vitarum nobis erunt instituta capienda. ALIO MODO. Non igitur bene. Confecta res esset. 

Et nemo nimium beatus est; Praeteritis, inquit, gaudeo. Bonum integritas corporis: misera debilitas. Pollicetur certe. 

Velut ego nunc moveor. Qualem igitur hominem natura inchoavit? Quid censes in Latino fore? Quis istud, quaeso, nesciebat? 

Multoque hoc melius nos veriusque quam Stoici. Confecta res esset. Duarum enim vitarum nobis erunt instituta capienda. Eam stabilem appellas. Idem adhuc; Sint ista Graecorum; Ergo, inquit, tibi Q. 

Eademne, quae restincta siti? Istic sum, inquit. Vide, quantum, inquam, fallare, Torquate. Suo genere perveniant ad extremum; Recte dicis; Erat enim Polemonis. 

Quid de Pythagora? Quo tandem modo? Ego vero isti, inquam, permitto. Quis istud possit, inquit, negare? Velut ego nunc moveor. Hunc vos beatum; 

Iam in altera philosophiae parte. Perge porro; At eum nihili facit; Quae duo sunt, unum facit. 

Haec para/doca illi, nos admirabilia dicamus. At eum nihili facit; Non est ista, inquam, Piso, magna dissensio. Sed ad bona praeterita redeamus. Ego vero isti, inquam, permitto. Sit enim idem caecus, debilis. 

Quid enim est a Chrysippo praetermissum in Stoicis? Duo Reges: constructio interrete. Immo alio genere; In schola desinis. Invidiosum nomen est, infame, suspectum. Cur iustitia laudatur? Qua tu etiam inprudens utebare non numquam. Nihil illinc huc pervenit. 

Praeclarae mortes sunt imperatoriae; Estne, quaeso, inquam, sitienti in bibendo voluptas? Et quidem, inquit, vehementer errat; Hoc loco tenere se Triarius non potuit. Bonum patria: miserum exilium. Praeclare hoc quidem. 

');
INSERT INTO "books" VALUES(270,17464171,12,7,'Idueoxiv','http://placehold.it/248x340/d0d5da/336699&text=270','Lorem ipsum dolor sit amet, consectetur adipiscing elit. Tum Torquatus: Prorsus, inquit, assentior; Quonam, inquit, modo? Obsecro, inquit, Torquate, haec dicit Epicurus? Duo Reges: constructio interrete. Non est igitur voluptas bonum. Bonum incolumis acies: misera caecitas. 

Quae contraria sunt his, malane? De illis, cum volemus. At iam decimum annum in spelunca iacet. Ita prorsus, inquam; Quae duo sunt, unum facit. Ita prorsus, inquam; 

Utram tandem linguam nescio? Ne discipulum abducam, times. Si longus, levis; Primum divisit ineleganter; Nobis aliter videtur, recte secusne, postea; An haec ab eo non dicuntur? Quonam, inquit, modo? Videsne quam sit magna dissensio? 

Et quidem, inquit, vehementer errat; An potest cupiditas finiri? Nescio quo modo praetervolavit oratio. Sed haec omittamus; Pauca mutat vel plura sane; 

Quod totum contra est. Sed fortuna fortis; Negare non possum. Inquit, dasne adolescenti veniam? Non potes, nisi retexueris illa. 

Primum quid tu dicis breve? Quid, quod res alia tota est? Satis est ad hoc responsum. 

Sed residamus, inquit, si placet. Tu vero, inquam, ducas licet, si sequetur; Bonum valitudo: miser morbus. Invidiosum nomen est, infame, suspectum. Omnia peccata paria dicitis. 

Tum Torquatus: Prorsus, inquit, assentior; Quid ad utilitatem tantae pecuniae? Et nemo nimium beatus est; Hoc Hieronymus summum bonum esse dixit. 

Sit enim idem caecus, debilis. Audeo dicere, inquit. Restinguet citius, si ardentem acceperit. 

Zenonis est, inquam, hoc Stoici. Qualem igitur hominem natura inchoavit? Utilitatis causa amicitia est quaesita. Prioris generis est docilitas, memoria; Sed nimis multa. Primum quid tu dicis breve? 

');
INSERT INTO "books" VALUES(271,12825766,51,3,'Eoojufaiata Omevocahevaz Idarepabago','http://placehold.it/248x340/d0d5da/336699&text=271','Lorem ipsum dolor sit amet, consectetur adipiscing elit. Duo Reges: constructio interrete. At eum nihili facit; Eam tum adesse, cum dolor omnis absit; Sullae consulatum? 

Quae cum dixisset, finem ille. Primum quid tu dicis breve? Omnia contraria, quos etiam insanos esse vultis. Illud non continuo, ut aeque incontentae. 

Eademne, quae restincta siti? Mihi, inquam, qui te id ipsum rogavi? Est, ut dicis, inquit; Sin aliud quid voles, postea. Magna laus. Equidem e Cn. 

Quis istum dolorem timet? Ratio quidem vestra sic cogit. Pollicetur certe. Quis hoc dicit? Nulla erit controversia. Scrupulum, inquam, abeunti; 

Erat enim Polemonis. At certe gravius. Haeret in salebra. Tollenda est atque extrahenda radicitus. Ne discipulum abducam, times. 

Efficiens dici potest. Quaerimus enim finem bonorum. Satis est ad hoc responsum. De illis, cum volemus. Quis est tam dissimile homini. Aliter enim nosmet ipsos nosse non possumus. Quid adiuvas? Omnia peccata paria dicitis. 

Bonum liberi: misera orbitas. Duo enim genera quae erant, fecit tria. Tollenda est atque extrahenda radicitus. Immo videri fortasse. Falli igitur possumus. Age, inquies, ista parva sunt. 

Venit ad extremum; Tum Torquatus: Prorsus, inquit, assentior; Age sane, inquam. Memini vero, inquam; 

Sed tamen intellego quid velit. Erat enim res aperta. Refert tamen, quo modo. An tu me de L. Quorum altera prosunt, nocent altera. 

Itaque fecimus. Qui convenit? 

');
INSERT INTO "books" VALUES(272,76991239,24,2,'Ojimocovo Ifooesaduha Itaiolopeiug','http://placehold.it/248x340/d0d5da/336699&text=272','Lorem ipsum dolor sit amet, consectetur adipiscing elit. Faceres tu quidem, Torquate, haec omnia; Nemo igitur esse beatus potest. Duo Reges: constructio interrete. Facete M. Sequitur disserendi ratio cognitioque naturae; De illis, cum volemus. 

Respondent extrema primis, media utrisque, omnia omnibus. Teneo, inquit, finem illi videri nihil dolere. Minime vero, inquit ille, consentit. Negat enim summo bono afferre incrementum diem. Quis istum dolorem timet? Sed tamen intellego quid velit. 

Nihilo magis. Facillimum id quidem est, inquam. 

Ipse Epicurus fortasse redderet, ut Sextus Peducaeus, Sex. Etiam beatissimum? Haeret in salebra. 

Honesta oratio, Socratica, Platonis etiam. Nemo igitur esse beatus potest. Si enim ad populum me vocas, eum. Videsne quam sit magna dissensio? Si longus, levis; 

Egone quaeris, inquit, quid sentiam? Egone quaeris, inquit, quid sentiam? 

Hoc Hieronymus summum bonum esse dixit. Hoc est non dividere, sed frangere. Si id dicis, vicimus. Eam tum adesse, cum dolor omnis absit; 

Omnis enim est natura diligens sui. Bonum incolumis acies: misera caecitas. Eaedem res maneant alio modo. 

Nonne igitur tibi videntur, inquit, mala? Nam quid possumus facere melius? 

Tum mihi Piso: Quid ergo? Pugnant Stoici cum Peripateticis. Sequitur disserendi ratio cognitioque naturae; 

');
INSERT INTO "books" VALUES(273,75869801,43,17,'Euosibel Ipokefupiu','http://placehold.it/248x340/d0d5da/336699&text=273','Lorem ipsum dolor sit amet, consectetur adipiscing elit. Venit ad extremum; Vide, quantum, inquam, fallare, Torquate. Nunc vides, quid faciat. Certe, nisi voluptatem tanti aestimaretis. Avaritiamne minuis? Quid est igitur, inquit, quod requiras? Duo Reges: constructio interrete. Quid ad utilitatem tantae pecuniae? Non est ista, inquam, Piso, magna dissensio. 

Quod totum contra est. Sin aliud quid voles, postea. Sedulo, inquam, faciam. Negare non possum. 

Summum a vobis bonum voluptas dicitur. Quae cum essent dicta, discessimus. Sed residamus, inquit, si placet. Multoque hoc melius nos veriusque quam Stoici. Id mihi magnum videtur. Laboro autem non sine causa; An haec ab eo non dicuntur? 

Sedulo, inquam, faciam. Sed quot homines, tot sententiae; Negat enim summo bono afferre incrementum diem. Quid igitur, inquit, eos responsuros putas? Sed nimis multa. Murenam te accusante defenderem. 

Si longus, levis. Ego vero isti, inquam, permitto. Istic sum, inquit. Negare non possum. Videsne quam sit magna dissensio? Ea possunt paria non esse. 

Prave, nequiter, turpiter cenabat; Sed tu istuc dixti bene Latine, parum plane. Quamquam tu hanc copiosiorem etiam soles dicere. Eaedem res maneant alio modo. Audeo dicere, inquit. 

Sed ad bona praeterita redeamus. At certe gravius. Esse enim, nisi eris, non potes. Quid, de quo nulla dissensio est? Nemo igitur esse beatus potest. Nunc omni virtuti vitium contrario nomine opponitur. 

Nos vero, inquit ille; Confecta res esset. Est enim effectrix multarum et magnarum voluptatum. Tria genera bonorum; 

Praeteritis, inquit, gaudeo. Itaque his sapiens semper vacabit. Sed fortuna fortis; Quonam, inquit, modo? Honesta oratio, Socratica, Platonis etiam. Sit enim idem caecus, debilis. 

Quae cum dixisset, finem ille. Erat enim Polemonis. Quid de Pythagora? Si longus, levis; 

');
INSERT INTO "books" VALUES(274,73493080,70,16,'Ofopeyikiia Acevoeouaue','http://placehold.it/248x340/d0d5da/336699&text=274','Lorem ipsum dolor sit amet, consectetur adipiscing elit. Praeclare hoc quidem. Quid nunc honeste dicit? Quis istud possit, inquit, negare? Quid ait Aristoteles reliquique Platonis alumni? Sed quid sentiat, non videtis. 

Scrupulum, inquam, abeunti; Ne discipulum abducam, times. Quae cum essent dicta, discessimus. Cyrenaici quidem non recusant; Utilitatis causa amicitia est quaesita. Quo tandem modo? 

Hic nihil fuit, quod quaereremus. Invidiosum nomen est, infame, suspectum. Quis enim redargueret? Sed fortuna fortis; Non laboro, inquit, de nomine. Inde igitur, inquit, ordiendum est. 

Itaque contra est, ac dicitis; Itaque his sapiens semper vacabit. In schola desinis. Scrupulum, inquam, abeunti; Urgent tamen et nihil remittunt. 

Duo Reges: constructio interrete. Nemo igitur esse beatus potest. Sed ad bona praeterita redeamus. Haeret in salebra. Quis enim redargueret? Sin aliud quid voles, postea. 

Sint modo partes vitae beatae. Non semper, inquam; Eaedem res maneant alio modo. Audeo dicere, inquit. Quo tandem modo? Quonam modo? De quibus cupio scire quid sentias. 

Primum divisit ineleganter; Quis istud possit, inquit, negare? Maximus dolor, inquit, brevis est. Restatis igitur vos; Nam quid possumus facere melius? Neutrum vero, inquit ille. 

Quid ad utilitatem tantae pecuniae? Hic nihil fuit, quod quaereremus. Sed fortuna fortis; Honesta oratio, Socratica, Platonis etiam. 

Oratio me istius philosophi non offendit; Collatio igitur ista te nihil iuvat. Conferam avum tuum Drusum cum C. Frater et T. 

Teneo, inquit, finem illi videri nihil dolere. Sullae consulatum? Quid de Pythagora? Ego vero isti, inquam, permitto. 

');
INSERT INTO "books" VALUES(275,60428773,76,11,'Omuoekeji','http://placehold.it/248x340/d0d5da/336699&text=275','Lorem ipsum dolor sit amet, consectetur adipiscing elit. Quoniam, si dis placet, ab Epicuro loqui discimus. Duo Reges: constructio interrete. Erat enim Polemonis. Videsne quam sit magna dissensio? Traditur, inquit, ab Epicuro ratio neglegendi doloris. 

Rationis enim perfectio est virtus; Erat enim Polemonis. Non est igitur voluptas bonum. 

Restatis igitur vos; Respondeat totidem verbis. 

Tenent mordicus. Erat enim Polemonis. At enim hic etiam dolore. Negare non possum. 

Id enim natura desiderat. Ne discipulum abducam, times. Quid ad utilitatem tantae pecuniae? Praeclare hoc quidem. At multis malis affectus. Egone quaeris, inquit, quid sentiam? 

Utram tandem linguam nescio? Haec dicuntur inconstantissime. Memini vero, inquam; Ita nemo beato beatior. 

Respondeat totidem verbis. Proclivi currit oratio. Tria genera bonorum; Quis istud, quaeso, nesciebat? 

Paria sunt igitur. Quam ob rem tandem, inquit, non satisfacit? Cur id non ita fit? Quid vero? 

Cur id non ita fit? Simus igitur contenti his. Traditur, inquit, ab Epicuro ratio neglegendi doloris. Rationis enim perfectio est virtus; Haec dicuntur inconstantissime. Quid ergo hoc loco intellegit honestum? 

Honesta oratio, Socratica, Platonis etiam. At enim hic etiam dolore. Ecce aliud simile dissimile. Rationis enim perfectio est virtus; Sed quid sentiat, non videtis. Quis non odit sordidos, vanos, leves, futtiles? Primum quid tu dicis breve? 

');
INSERT INTO "books" VALUES(276,70799254,88,15,'Itueucagogo Eyaleyieodeh','http://placehold.it/248x340/d0d5da/336699&text=276','Lorem ipsum dolor sit amet, consectetur adipiscing elit. Idemne, quod iucunde? Memini vero, inquam; Eadem fortitudinis ratio reperietur. Duo Reges: constructio interrete. Ratio quidem vestra sic cogit. Nam quid possumus facere melius? 

Paria sunt igitur. Quorum altera prosunt, nocent altera. Tenent mordicus. Itaque his sapiens semper vacabit. 

A mene tu? Si longus, levis; Sed nunc, quod agimus; Facillimum id quidem est, inquam. Comprehensum, quod cognitum non habet? Hic ambiguo ludimur. 

Hoc mihi cum tuo fratre convenit. Tecum optime, deinde etiam cum mediocri amico. Hoc mihi cum tuo fratre convenit. Sumenda potius quam expetenda. Sedulo, inquam, faciam. Beatus sibi videtur esse moriens. 

Philosophi autem in suis lectulis plerumque moriuntur. ALIO MODO. Poterat autem inpune; Tubulo putas dicere? Sed quod proximum fuit non vidit. Ita credo. 

Sint ista Graecorum; Quis Aristidem non mortuum diligit? 

Si longus, levis; Haeret in salebra. Perge porro; Quibus ego vehementer assentior. Peccata paria. Respondeat totidem verbis. 

Quod equidem non reprehendo; Pugnant Stoici cum Peripateticis. Sed quid sentiat, non videtis. Que Manilium, ab iisque M. Nunc omni virtuti vitium contrario nomine opponitur. Immo videri fortasse. Id enim natura desiderat. 

Nos commodius agimus. Quid censes in Latino fore? Avaritiamne minuis? 

Nihil ad rem! Ne sit sane; Primum divisit ineleganter; Quippe: habes enim a rhetoribus; Non est igitur summum malum dolor. Maximus dolor, inquit, brevis est. 

');
INSERT INTO "books" VALUES(277,57603760,26,14,'Ikouahece','http://placehold.it/248x340/d0d5da/336699&text=277','Lorem ipsum dolor sit amet, consectetur adipiscing elit. Huius, Lyco, oratione locuples, rebus ipsis ielunior. Honesta oratio, Socratica, Platonis etiam. Quis hoc dicit? Eam stabilem appellas. Pollicetur certe. Duo Reges: constructio interrete. In schola desinis. Neutrum vero, inquit ille. Si longus, levis. 

Non autem hoc: igitur ne illud quidem. Cyrenaici quidem non recusant; Is es profecto tu. Zenonis est, inquam, hoc Stoici. 

Refert tamen, quo modo. Sed potestne rerum maior esse dissensio? Quae diligentissime contra Aristonem dicuntur a Chryippo. Memini me adesse P. Tibi hoc incredibile, quod beatissimum. Traditur, inquit, ab Epicuro ratio neglegendi doloris. Utilitatis causa amicitia est quaesita. Quae cum essent dicta, discessimus. 

Expectoque quid ad id, quod quaerebam, respondeas. Sed ad bona praeterita redeamus. Erat enim res aperta. Qui-vere falsone, quaerere mittimus-dicitur oculis se privasse; Tria genera bonorum; 

Hunc vos beatum; Scrupulum, inquam, abeunti; Quod iam a me expectare noli. 

Graccho, eius fere, aequalí? Age sane, inquam. Nam de isto magna dissensio est. Aliter autem vobis placet. 

A mene tu? Hic ambiguo ludimur. Sic consequentibus vestris sublatis prima tolluntur. Ut pulsi recurrant? 

A mene tu? Numquam facies. Praeclare hoc quidem. Praeclarae mortes sunt imperatoriae; 

Bonum liberi: misera orbitas. Velut ego nunc moveor. Quae contraria sunt his, malane? Nemo igitur esse beatus potest. Si quicquam extra virtutem habeatur in bonis. 

Prodest, inquit, mihi eo esse animo. Sed fortuna fortis; Non autem hoc: igitur ne illud quidem. Vide, quantum, inquam, fallare, Torquate. Tum Torquatus: Prorsus, inquit, assentior; Quis istum dolorem timet? Quo modo autem philosophus loquitur? Nihil illinc huc pervenit. 

');
INSERT INTO "books" VALUES(278,80073924,42,16,'Atoguaezifa Ivimofisizal','http://placehold.it/248x340/d0d5da/336699&text=278','Lorem ipsum dolor sit amet, consectetur adipiscing elit. Quae cum dixisset, finem ille. Cur iustitia laudatur? Eam stabilem appellas. Et quidem, inquit, vehementer errat; 

Primum Theophrasti, Strato, physicum se voluit; Negare non possum. Cur deinde Metrodori liberos commendas? Quamquam te quidem video minime esse deterritum. Quare attende, quaeso. 

De quibus cupio scire quid sentias. Quibusnam praeteritis? Vide, quantum, inquam, fallare, Torquate. Ita credo. 

Quis istum dolorem timet? Duo Reges: constructio interrete. Quibusnam praeteritis? Primum divisit ineleganter; Id Sextilius factum negabat. Nihil sane. 

Faceres tu quidem, Torquate, haec omnia; Quare conare, quaeso. Maximus dolor, inquit, brevis est. 

Recte dicis; Quod cum dixissent, ille contra. Etiam beatissimum? 

Non igitur bene. Ut id aliis narrare gestiant? Is es profecto tu. Videamus animi partes, quarum est conspectus illustrior; Ut id aliis narrare gestiant? Proclivi currit oratio. Hunc vos beatum; Quis Aristidem non mortuum diligit? 

Quae ista amicitia est? Si quae forte-possumus. Cur haec eadem Democritus? Eaedem res maneant alio modo. Facillimum id quidem est, inquam. 

Quid me istud rogas? Dat enim intervalla et relaxat. Prioris generis est docilitas, memoria; 

Quid de Platone aut de Democrito loquar? At certe gravius. Ut id aliis narrare gestiant? Cave putes quicquam esse verius. Recte, inquit, intellegis. Est enim effectrix multarum et magnarum voluptatum. 

');
INSERT INTO "books" VALUES(279,58173906,116,18,'Elodigih','http://placehold.it/248x340/d0d5da/336699&text=279','Lorem ipsum dolor sit amet, consectetur adipiscing elit. Tollenda est atque extrahenda radicitus. Sed nunc, quod agimus; Quae ista amicitia est? Tubulo putas dicere? Duo Reges: constructio interrete. 

Eam stabilem appellas. Memini me adesse P. Disserendi artem nullam habuit. Nos commodius agimus. 

Invidiosum nomen est, infame, suspectum. Utilitatis causa amicitia est quaesita. Nam de isto magna dissensio est. Huius ego nunc auctoritatem sequens idem faciam. Venit ad extremum; Quae diligentissime contra Aristonem dicuntur a Chryippo. 

Sint ista Graecorum; Egone quaeris, inquit, quid sentiam? Primum divisit ineleganter; Tibi hoc incredibile, quod beatissimum. Laboro autem non sine causa; Summum a vobis bonum voluptas dicitur. 

Hic nihil fuit, quod quaereremus. Confecta res esset. Videsne quam sit magna dissensio? Haec dicuntur inconstantissime. Iam in altera philosophiae parte. Negat esse eam, inquit, propter se expetendam. Videsne, ut haec concinant? 

Si longus, levis. Ut id aliis narrare gestiant? Sed ego in hoc resisto; Dici enim nihil potest verius. Cum praesertim illa perdiscere ludus esset. 

Collatio igitur ista te nihil iuvat. Itaque hic ipse iam pridem est reiectus; Quod totum contra est. Nemo igitur esse beatus potest. Beatum, inquit. Sed hoc sane concedamus. Memini vero, inquam; Quid adiuvas? 

Hoc mihi cum tuo fratre convenit. Cave putes quicquam esse verius. Videsne quam sit magna dissensio? Ecce aliud simile dissimile. Si longus, levis dictata sunt. Sit enim idem caecus, debilis. Etiam beatissimum? Quis enim redargueret? Nunc omni virtuti vitium contrario nomine opponitur. 

Quod equidem non reprehendo; Contineo me ab exemplis. Eam stabilem appellas. Quid de Pythagora? Egone quaeris, inquit, quid sentiam? Stoicos roga. 

Quis negat? Refert tamen, quo modo. Sed videbimus. 

');
INSERT INTO "books" VALUES(280,89004439,94,20,'Uaelakopa Efoxuaavemof Afadigeb','http://placehold.it/248x340/d0d5da/336699&text=280','Lorem ipsum dolor sit amet, consectetur adipiscing elit. Quo modo autem philosophus loquitur? Is es profecto tu. Quorum altera prosunt, nocent altera. Duo Reges: constructio interrete. Quis istum dolorem timet? Contemnit enim disserendi elegantiam, confuse loquitur. 

Ille incendat? Contineo me ab exemplis. Egone quaeris, inquit, quid sentiam? Sedulo, inquam, faciam. 

Satis est ad hoc responsum. Quo tandem modo? Proclivi currit oratio. Ut id aliis narrare gestiant? At iam decimum annum in spelunca iacet. Sed nimis multa. 

Quare conare, quaeso. Immo alio genere; Contineo me ab exemplis. Non est ista, inquam, Piso, magna dissensio. 

Scaevolam M. At enim hic etiam dolore. Quis enim redargueret? Hoc tu nunc in illo probas. 

At ille pellit, qui permulcet sensum voluptate. Aliter enim explicari, quod quaeritur, non potest. Cur iustitia laudatur? Hoc tu nunc in illo probas. 

Collatio igitur ista te nihil iuvat. Non laboro, inquit, de nomine. 

Nullus est igitur cuiusquam dies natalis. Apparet statim, quae sint officia, quae actiones. 

Estne, quaeso, inquam, sitienti in bibendo voluptas? Utilitatis causa amicitia est quaesita. Illud non continuo, ut aeque incontentae. Vide, quantum, inquam, fallare, Torquate. Nunc haec primum fortasse audientis servire debemus. 

Equidem e Cn. Id mihi magnum videtur. Hic nihil fuit, quod quaereremus. 

');
DROP TABLE IF EXISTS "publishers";
CREATE TABLE publishers (id TINYINT PRIMARY KEY, name CHAR(30));
INSERT INTO "publishers" VALUES(1,'Ujozibodopubemur');
INSERT INTO "publishers" VALUES(2,'Evocoredacaiogot');
INSERT INTO "publishers" VALUES(3,'Uratopudirotuaue');
INSERT INTO "publishers" VALUES(4,'Akidexuoabuzexig');
INSERT INTO "publishers" VALUES(5,'Ohitolejaluoopii');
INSERT INTO "publishers" VALUES(6,'Ooacioifesupuyoo');
INSERT INTO "publishers" VALUES(7,'Itixoyirufeioyeg');
INSERT INTO "publishers" VALUES(8,'Oaukobueokivecil');
INSERT INTO "publishers" VALUES(9,'Ifisuvikihuaihur');
INSERT INTO "publishers" VALUES(10,'Epehujupoeiyuoeb');
INSERT INTO "publishers" VALUES(11,'Uhefeiagulatamuh');
INSERT INTO "publishers" VALUES(12,'Abedicefabucutik');
INSERT INTO "publishers" VALUES(13,'Ibivepekitepaguk');
INSERT INTO "publishers" VALUES(14,'Iverezugoteuukuv');
INSERT INTO "publishers" VALUES(15,'Ueekosujouupajip');
INSERT INTO "publishers" VALUES(16,'Oyueiiouajofexas');
INSERT INTO "publishers" VALUES(17,'Egilobajicejajit');
INSERT INTO "publishers" VALUES(18,'Ioixacibudusigim');
INSERT INTO "publishers" VALUES(19,'Akoruruvodesufoc');
INSERT INTO "publishers" VALUES(20,'Emezavesuzodelix');
